rubrica;nivel;pontos_fortes;avancar;formativas;dimensao;subdimensao;arquivo_origem
Rubrica 1 - Sensibilização;Consolidar;Você está construindo a base necessária para garantir o uso dos dados avaliativos como ferramentas importantes na gestão para aprendizagem!;Para consolidar este nível, você pode fortalecer o registro sistemático dos dados e começar a explorar como usá-los em discussões com a equipe escolar. Também será importante refletir mais sobre como as avaliações podem ser melhor conectadas ao planejamento pedagógico, incluindo o planejamento das ações de recomposição das aprendizagens. Veja a seguir algumas indicações de objetos educacionais e recursos de aprendizagem que podem apoiá-lo nessa tarefa.;"1.  **Conceitos Fundamentais de Avaliação**:
    *   Diferenças entre avaliação externa e interna; somativa e formativa.
    *   Potencial das avaliações para subsidiar o planejamento pedagógico, incluindo estratégias de recomposição das aprendizagens.
2.  **Ciclo de uso dos dados de avaliação da aprendizagem**:
    *   Compreensão inicial das etapas de planejamento, aplicação, registro e organização de dados de avaliação de aprendizagem.";pedag;monitoriamento;3_Devolutiva_dim_pedag_monitoriamento.md
Rubrica 1 - Sensibilização;Avançar;Muito bem! Você já se sente preparado para garantir a realização de avaliações externas e internas, assegurando que essas práticas ocorram conforme o planejado. Além disso, percebe-se capacitado para assegurar o registro dos resultados, criando as condições iniciais para seu uso no planejamento escolar.;Neste momento, você utiliza as informações avaliativas de forma ainda reativa e pontual, com foco principalmente somativo, para atender demandas administrativas. Para avançar, será importante explorar como esses dados podem ser melhor integrados ao planejamento pedagógico, incluindo as ações de recomposição das aprendizagens, superando uma abordagem desvinculada e reativa, bem como priorizando também a reflexão e discussão sobre avaliações internas de caráter mais formativo. Veja a seguir algumas indicações de objetos educacionais e recursos de aprendizagem que podem apoiá-lo nessa tarefa.;"1.  **Leitura e Interpretação Básica de Dados (competência analítica)**:

*   Capacitação inicial em leitura de relatórios de avaliação.

1.  **Aprofundamento em Avaliação Formativa**:

*   Maior aprofundamento conceitual em avaliação formativa

1.  **Sensibilização da Equipe Escolar**:
    *   Estratégias para promover o uso das avaliações como meio para aprendizagem (combate ao uso da avaliação como controle, recompensa ou punição)";pedag;monitoriamento;3_Devolutiva_dim_pedag_monitoriamento.md
Rubrica 2 - Exploração;Consolidar;Você se sente preparado(a) para explorar práticas importantes, como divulgar os resultados das avaliações e incentivar ajustes no planejamento pedagógico!;Para consolidar este nível, será importante fortalecer suas práticas de mediação, promovendo discussões mais estruturadas com a equipe escolar e incentivando o uso dos dados para identificar áreas prioritárias de intervenção, incluindo ações de recomposição das aprendizagens. Além disso, você pode começar a sensibilizar sua equipe para o maior uso de práticas avaliativas formativas. Veja a seguir algumas indicações de objetos educacionais e recursos de aprendizagem que podem apoiá-lo nessa tarefa.;"1.  **Leitura e Interpretação Básica de Dados (competência analítica)**:

*   Capacitação inicial em leitura de relatórios de avaliação.

1.  **Aprofundamento em Avaliação Formativa**:

*   Maior aprofundamento conceitual em avaliação formativa

1.  **Promovendo Discussões Pedagógicas**:

*   Estruturar reuniões com professores baseadas em dados de avaliação de aprendizagem para planejamento.

1.  **Sensibilização da Equipe Escolar**:

*   Estratégias para promover o uso das avaliações como meio para aprendizagem (combate ao uso da avaliação como controle, recompensa ou punição)";pedag;monitoriamento;3_Devolutiva_dim_pedag_monitoriamento.md
Rubrica 2 - Exploração;Avançar;Muito bem! Você se sente preparado(a) para atuar de forma ativa na mediação do uso dos dados avaliativos, promovendo discussões estruturadas com a equipe escolar e conectando os resultados a ajustes básicos no planejamento pedagógico. Já se percebe capacitado(a) para divulgar os resultados das avaliações externas, relacionando-os às metas da secretaria, e utilizar os dados para identificar prioridades pedagógicas gerais para a escola. Além disso, você se avalia apto(a) a incentivar práticas de avaliação formativa e sensibilizar a equipe sobre o propósito das avaliações como ferramentas de melhoria da aprendizagem, evitando seu uso como punição ou recompensa.;Para avançar, será essencial desenvolver práticas mais sistemáticas e aprofundar a integração entre as avaliações (somativas e formativas, internas e externas) e o planejamento pedagógico. Apoiar a equipe na experimentação de estratégias pedagógicas de diferenciação do ensino e de recomposição das aprendizagens também pode contribuir para uma abordagem mais intencional e equitativa na melhoria da aprendizagem. Veja a seguir algumas indicações de objetos educacionais e recursos de aprendizagem que podem apoiá-lo nessa tarefa.;"1.  **Integração dos diversos tipos de avaliações ao Planejamento Pedagógico**:

*   Uso integrado de avaliações internas e externas, somativas e formativas, para estabelecer metas internas e fazer planejamento pedagógico.

1.  **Diversificação de fontes de dados**

*   Combinar dados de avaliações externas, internas e observações de sala de aula para identificar de padrões de ensino e aprendizagem e enriquecer os diagnósticos.

1.  **Estratégias Pedagógicas de diferenciação do ensino e de recomposição das aprendizagens:**

*   Planejamento e implementação de práticas pedagógicas de diferenciação do ensino e recomposição de aprendizagens com base em dados de avaliação";pedag;monitoriamento;3_Devolutiva_dim_pedag_monitoriamento.md
Rubrica 3 - Liderança estratégica;Consolidar;Você está no caminho certo. Já se sente preparado(a) para liderar práticas que integram dados ao planejamento pedagógico e facilitar análises para identificar padrões de ensino e aprendizagem.;Para consolidar este nível, será importante fortalecer a triangulação de diferentes fontes de dados (como avaliações e observações de sala de aula) para identificar padrões de ensino e aprendizagem e engajar a equipe na implementação de estratégias de diferenciação do ensino e de recomposição das aprendizagens com foco na equidade. Veja a seguir algumas indicações de objetos educacionais e recursos de aprendizagem que podem apoiá-lo nessa tarefa.;"1.  **Integração dos diversos tipos de avaliações ao Planejamento Pedagógico**:

*   Uso integrado de avaliações internas e externas, somativas e formativas, para estabelecer metas internas e fazer planejamento pedagógico.

1.  **Diversificação de fontes de dados**

*   Combinar dados de avaliações externas, internas e observações de sala de aula para identificar de padrões de ensino e aprendizagem e enriquecer os diagnósticos.

1.  **Estratégias Pedagógicas de diferenciação do ensino e de recomposição das aprendizagens:**

*   Planejamento e implementação de práticas pedagógicas de diferenciação do ensino e recomposição de aprendizagens com base em dados de avaliação.";pedag;monitoriamento;3_Devolutiva_dim_pedag_monitoriamento.md
Rubrica 3 - Liderança estratégica;Avançar;"*   Parabéns! Você já se sente preparado(a) para liderar o uso sistemático dos dados avaliativos, integrando avaliações externas e internas ao planejamento pedagógico e

conectando essas práticas às metas internas da escola. Já se percebe capacitado(a) para facilitar a triangulação de diferentes fontes de dados, como avaliações e observações de sala de aula, para identificar padrões de ensino e aprendizagem. Também se avalia capaz de orientar a equipe na proposição de estratégias pedagógicas diferenciadas, ajustadas às necessidades específicas de cada grupo de estudantes, incluindo estratégias de recomposição das aprendizagens, e promover a equidade e o fortalecimento do currículo escolar.";Embora suas práticas já sejam sistemáticas, você pode avançar ao consolidar processos sustentáveis e inovadores e fomentar uma maior autonomia da equipe na análise e no uso de dados. Promover maior inovação e expandir a colaboração para envolver toda a comunidade escolar no uso dos dados são passos importantes para alcançar uma transformação cultural. Veja a seguir algumas indicações de objetos educacionais e recursos de aprendizagem que podem apoiá-lo nessa tarefa.;"1.  **Sustentabilidade e Inovação**:

*   Sustentação de mecanismos colaborativos de monitoramento e ajuste contínuos para fomento de uma cultura de melhoria contínua no longo prazo
*   Distribuição da liderança e fortalecimento da corresponsabilidade dos professores na análise e uso de dados avaliativos

1.  **Mobilização da Comunidade Escolar**:

*   Papel da avaliação na relação com as famílias
*   Estratégias para engajar professores, estudantes e famílias no acompanhamento dos resultados e fomentar uma cultura de colaboração e melhoria contínua.
*   Sensibilização da comunidade sobre a necessidade de abordar defasagens de anos anteriores sem estigmatizar os estudantes (recomposição de aprendizagens).

1.  **Avaliação da aprendizagem para promover a mudança de práticas: Desenvolvimento Profissional Docente**

*   Uso de dados de aprendizagem para identificar necessidades de formação, promover ciclos de reflexão e alavancar a qualidade da educação.";pedag;monitoriamento;3_Devolutiva_dim_pedag_monitoriamento.md
Rubrica 4 - Transformação Cultural;Consolidar;Parabéns! Você se sente preparado(a) para promover uma cultura escolar em que o uso de dados avaliativos é integrado e colaborativo. Já se percebe capaz de mobilizar professores, estudantes e famílias em reflexões contínuas e na tomada de decisões pedagógicas. Você já se percebe preparado para garantir estratégias diferenciadas de ensino que atendam às necessidades de grupos de estudantes em diferentes níveis de aprendizagem, incluindo ações e de recomposição de aprendizagens, promovendo equidade e impacto. Você também se percebe capacitado para sustentar essas práticas, identificando áreas de desenvolvimento docente e promovendo ciclos de formação continuada.;Você já demonstra um forte compromisso com a colaboração e a mobilização da comunidade escolar no uso de dados avaliativos. Para consolidar este nível, será importante estruturar sistemas que garantam a regularidade no monitoramento e na avaliação das intervenções. Também será necessário fortalecer as práticas de formação docente baseadas em dados, promovendo ciclos continuados de reflexão e aprendizado colaborativo. Veja a seguir algumas indicações de objetos educacionais e recursos de aprendizagem que podem apoiá-lo nessa tarefa.;"1.  **Sustentabilidade e Inovação**:

*   Sustentação de mecanismos colaborativos de monitoramento e ajuste contínuos para fomento de uma cultura de melhoria contínua no longo prazo
*   Distribuição da liderança e fortalecimento da corresponsabilidade dos professores na análise e uso de dados avaliativos

1.  **Mobilização da Comunidade Escolar**:

*   Papel da avaliação na relação com as famílias
*   Estratégias para engajar professores, estudantes e famílias no acompanhamento dos resultados e fomentar uma cultura de colaboração e melhoria contínua.
*   Sensibilização da comunidade sobre a necessidade de abordar defasagens de anos anteriores sem estigmatizar os estudantes (recomposição de aprendizagens).

1.  **Avaliação da aprendizagem para promover a mudança de práticas: Desenvolvimento Profissional Docente**

*   Uso de dados de aprendizagem para identificar necessidades de formação, promover ciclos de reflexão e alavancar a qualidade da educação.";pedag;monitoriamento;3_Devolutiva_dim_pedag_monitoriamento.md
Rubrica 1 - Sensibilização;Consolidar;;;"Conceitos e Fundamentos do Desenvolvimento Profissional Docente

*   Definição e importância do Desenvolvimento Profissional Docente
*   A escola como lócus de desenvolvimento profissional
*   O papel da liderança no Desenvolvimento Profissional Docente (papeis e responsabilidades)

Acompanhamento e Apoio Individual aos Professores

*   Introdução a estratégias de “indução” (inserção profissional de professores novatos), contemplando acolhimento afetivo, integração profissional e desenvolvimento de competências";pedag;desenvolvimento;5_Devolutiva_dim_pedag_desenvolvimento.md
Rubrica 1 - Sensibilização;Avançar;;;"Diagnóstico das Necessidades Formativas dos Professores

*   Compreensão sobre o que constitui um diagnóstico de necessidades formativas eficaz e sua relevância para o desenvolvimento docente.
*   Análise de dados de aprendizagem dos estudantes para identificar lacunas formativas dos professores

Planejamento e Promoção de Ações de Desenvolvimento Profissional

*   Conhecimento sobre práticas de formação como grupos de estudo, oficinas pedagógicas, encontros reflexivos e mentorias.

Fomento à Colaboração e Aprendizagem Coletiva

*   Mediação de discussões pedagógicas colaborativas, promovendo trocas de experiências e cocriação de soluções educacionais.

Acompanhamento e Apoio Individual aos Professores

*   Técnicas de observação de aula com foco formativo e feedback construtivo.";pedag;desenvolvimento;5_Devolutiva_dim_pedag_desenvolvimento.md
Rubrica 2 - Exploração;Consolidar;;;"Diagnóstico das Necessidades Formativas dos Professores

*   Compreensão sobre o que constitui um diagnóstico de necessidades formativas eficaz e sua relevância para o desenvolvimento docente.
*   Análise de dados de aprendizagem dos estudantes para identificar lacunas formativas dos professores

Planejamento e Promoção de Ações de Desenvolvimento Profissional

*   Conhecimento sobre práticas de formação como grupos de estudo, oficinas pedagógicas, encontros reflexivos e mentorias.

Fomento à Colaboração e Aprendizagem Coletiva

*   Mediação de discussões pedagógicas colaborativas, promovendo trocas de experiências e cocriação de soluções educacionais.

Acompanhamento e Apoio Individual aos Professores

*   Técnicas de observação de aula com foco formativo e feedback construtivo.";pedag;desenvolvimento;5_Devolutiva_dim_pedag_desenvolvimento.md
Rubrica 2 - Exploração;Avançar;;;"Diagnóstico das Necessidades Formativas dos Professores

*   Observações de aula, autoavaliações e entrevistas para avaliar práticas pedagógicas dos professores e identificar necessidades formativas

Fomento à Colaboração e Aprendizagem Coletiva

*   Práticas de mentoria entre pares, com atenção especial a professores em início de carreira.

Planejamento e Promoção de Ações de Desenvolvimento Profissional

*   Elementos de um planejamento formativo de qualidade: definição de objetivos, estratégias, cronogramas, previsão de recursos necessários

Acompanhamento e Apoio Individual aos Professores

*   Ferramentas para acompanhar e monitorar o progresso individual dos docentes de forma estruturada.

Monitoramento e Avaliação das Ações Formativas

*   Métodos para monitorar a execução das ações formativas e avaliar seus impactos.
*   Utilização de ferramentas o acompanhamento das ações (como planilhas e softwares)
*   Definição de indicadores para medir a eficácia das formações no desenvolvimento docente e na aprendizagem dos estudantes";pedag;desenvolvimento;5_Devolutiva_dim_pedag_desenvolvimento.md
Rubrica 3 - Liderança Estratégica;Consolidar;;;"Diagnóstico das Necessidades Formativas dos Professores

*   Observações de aula, autoavaliações e entrevistas para avaliar práticas pedagógicas dos professores e identificar necessidades formativas

Fomento à Colaboração e Aprendizagem Coletiva

*   Práticas de mentoria entre pares, com atenção especial a professores em início de carreira.

Planejamento e Promoção de Ações de Desenvolvimento Profissional

*   Elementos de um planejamento formativo de qualidade: definição de objetivos, estratégias, cronogramas, previsão de recursos necessários

Acompanhamento e Apoio Individual aos Professores

*   Ferramentas para acompanhar e monitorar o progresso individual dos docentes de forma estruturada.

Monitoramento e Avaliação das Ações Formativas

*   Métodos para monitorar a execução das ações formativas e avaliar seus impactos.
*   Utilização de ferramentas o acompanhamento das ações (como planilhas e softwares)
*   Definição de indicadores para medir a eficácia das formações no desenvolvimento docente e na aprendizagem dos estudantes";pedag;desenvolvimento;5_Devolutiva_dim_pedag_desenvolvimento.md
Rubrica 3 - Liderança Estratégica;Avançar;;;"Diagnóstico das Necessidades Formativas dos Professores

*   Abordagens participativas no diagnóstico, promovendo a colaboração entre docentes e comunidade escolar.

Fomento à Colaboração e Aprendizagem Coletiva

*   Criação e fortalecimento de comunidades de prática, grupos de estudo e redes colaborativas entre os professores.
*   Incentivo a práticas pedagógicas inovadoras e à experimentação colaborativa entre os docentes.

Monitoramento e Avaliação das Ações Formativas

*   Envolvimento de professores e comunidade escolar na avaliação e aprimoramento contínuo das formações.

Articulação de Parcerias para Desenvolvimento Profissional

*   Identificação de oportunidades de parceria com universidades, organizações educacionais e redes de ensino (pode incluir exemplos de gestão de parcerias externas para trazer novas perspectivas e recursos para as formações)";pedag;desenvolvimento;5_Devolutiva_dim_pedag_desenvolvimento.md
Rubrica 4 - Transformação Cultural;Consolidar;;;"Diagnóstico das Necessidades Formativas dos Professores

*   Abordagens participativas no diagnóstico, promovendo a colaboração entre docentes e comunidade escolar.

Fomento à Colaboração e Aprendizagem Coletiva

*   Criação e fortalecimento de comunidades de prática, grupos de estudo e redes colaborativas entre os professores.
*   Incentivo a práticas pedagógicas inovadoras e à experimentação colaborativa entre os docentes.

Monitoramento e Avaliação das Ações Formativas

*   Envolvimento de professores e comunidade escolar na avaliação e aprimoramento contínuo das formações.

Articulação de Parcerias para Desenvolvimento Profissional

*   Identificação de oportunidades de parceria com universidades, organizações educacionais e redes de ensino (pode incluir exemplos de gestão de parcerias externas para trazer novas perspectivas e recursos para as formações)";pedag;desenvolvimento;5_Devolutiva_dim_pedag_desenvolvimento.md
Rubrica 1 - Sensibilização;Consolidar;Muito bem! Você já reconhece a importância de garantir a implementação dos processos de ensino e aprendizagem no dia a dia e está no caminho certo para consolidar práticas fundamentais nessa área.;Antes de avançar, é preciso consolidar este nível. Para isso, será necessário fortalecer seus conhecimentos sobre conceitos básicos relacionados à implementação do ensino e práticas que assegurem o funcionamento mínimo das aulas. Veja a seguir algumas indicações de objetos educacionais e recursos de aprendizagem que podem apoiá-lo nessa tarefa.;"1.  **Cumprimento e ajustes no calendário e grade horária:**

*   O que é a grade horária e o calendário escolar, diretrizes legais e importância na organização da escola?
*   Ferramentas para organizar, ajustar e monitorar cumprimento do calendário e grade horária (pode incluir uso de softwares ou planilhas para monitorar e adaptar horários)

1.  **Monitoramento da frequência e mitigação de ausências:**

*   O que é e qual a importância do monitoramento da frequência dos professores.

**Gerenciamento de recursos:**

*   Como identificar as necessidades básicas de recursos para o funcionamento diário da escola (Mapeamento de materiais, espaços e equipamentos necessários para o ensino no dia a dia para fins da gestão dos recursos)

1.  **Proteção do tempo pedagógico:**

*   O que é o tempo pedagógico e como ele impacta a aprendizagem.
*   Identificação das principais interrupções no tempo pedagógico.";pedag;implementacao;2_Devolutiva_dim_pedag_implementacao.md
Rubrica 1 - Sensibilização;Avançar;Parabéns! Você já se sente preparado(a) para organizar a escola de forma a cumprir o calendário escolar e assegurar a realização das aulas conforme o planejado. Além disso, você se sente preparado(a) para atuar em situações emergenciais, organizando espaços, materiais e recursos para atender a demandas imediatas. Seu compromisso com a implementação do ensino demonstra uma base sólida para avançar.;Para avançar, será importante desenvolver maior preparo para processos mais consistentes de monitoramento e planejamento. Isso inclui se preparar para monitorar regularmente a frequência e assiduidade do corpo docente, antecipar soluções para ausências e planejar e distribuir recursos de forma mais eficiente. Também será essencial fortalecer sua capacidade de promover discussões mais frequentes e estruturadas sobre os desafios e sucessos da implementação do ensino, além de trabalhar na proteção do tempo pedagógico. Veja a seguir algumas indicações de objetos educacionais e recursos de aprendizagem que podem apoiá-lo nessa tarefa.;"1.  **Cumprimento e ajustes no calendário e grade horária:**

*   Como lidar com situações emergenciais que impactam o calendário escolar e a grade horária e planejar para necessidades recorrentes.

1.  **Monitoramento da frequência e mitigação de ausências:**

*   Ferramentas básicas para monitorar a frequência dos professores regularmente.
*   Como monitorar, registrar e planejar estratégias de reposição.

1.  **Gerenciamento de recursos:**

*   Planejamento antecipado e alocação de recursos: Como prever demandas e evitar problemas logísticos.";pedag;implementacao;2_Devolutiva_dim_pedag_implementacao.md
Rubrica 2 - Exploração;Consolidar;Ótimo trabalho! Você já se sente preparado(a) para planejar e antecipar soluções para problemas recorrentes, criando estratégias para organizar os processos de implementação do ensino;Antes de avançar, será necessário desenvolver maior preparo para lidar com estratégias mais complexas e começar a sistematizar as ações realizadas. Veja a seguir algumas indicações de objetos educacionais e recursos de aprendizagem que podem apoiá-lo nessa tarefa.;"1.  **Cumprimento e ajustes no calendário e grade horária:**

*   Como lidar com situações emergenciais que impactam o calendário escolar e a grade horária e planejar para necessidades recorrentes.

1.  **Monitoramento da frequência e mitigação de ausências:**

*   Ferramentas básicas para monitorar a frequência dos professores regularmente.
*   Como monitorar, registrar e planejar estratégias de reposição.

1.  **Gerenciamento de recursos:**

*   Planejamento antecipado e alocação de recursos: Como prever demandas e evitar problemas logísticos.";pedag;implementacao;2_Devolutiva_dim_pedag_implementacao.md
Rubrica 2 - Exploração;Avançar;Muito bem! Você já se sente preparado(a) para implementar processos regulares que permitem ajustar a grade horária e o calendário escolar conforme necessário. Você também se sente preparado(a) para monitorar a frequência dos professores, planejar a distribuição de recursos de forma antecipada e promover discussões regulares com os professores sobre problemas e sucessos da implementação do ensino. Além disso, você se percebe capacitado trabalhar de forma ativa na proteção do tempo pedagógico.;Para avançar, será necessário desenvolver maior preparo para assumir um papel de liderança estratégica, envolvendo ativamente sua equipe na tomada de decisões. Isso inclui se preparar para coordenar discussões mais estruturadas com os professores, bem como sistematizar processos de monitoramento e planejamento para garantir maior eficiência na implementação do ensino. Veja a seguir algumas indicações de objetos educacionais e recursos de aprendizagem que podem apoiá-lo nessa tarefa.;"1.  **Monitoramento da frequência e mitigação de ausências:**

*   Criação de sistemas regulares e sistemáticas de monitoramento da frequência docente.
*   Análise de padrões de ausência dos professores: Identificando e abordando causas frequentes de faltas (exemplo: saúde, clima, etc.).
*   Planejamento estratégico de soluções (dentro da alçada da escola) para minimizar ausências e mitigar seus efeitos
*   Comunicação e articulação: Envolvendo professores e a equipe no planejamento para reduzir impactos das ausências.
*   Acionamento de instâncias superiores: Como reportar faltas recorrentes, demandas por professores ou outras situações que exigem intervenção externa.

1.  **Gerenciamento de recursos:**

*   Monitoramento de uso de recursos: Ferramentas para gerenciar e monitorar o uso dos materiais didáticos e espaços escolares.
*   Acionamento de instâncias superiores: Como requisitar materiais, resolver problemas estruturais ou reportar falhas que dependem da rede de ensino.

1.  **Proteção do tempo pedagógico:**

*   Como implementar estratégias sistemáticas e regulares para proteger o tempo pedagógico (minimizar interrupções no tempo de ensino)

1.  **Coordenação de Discussões Estruturadas com Professores:**

*   Como coordenar discussões estruturadas com os professores para identificar problemas e sucessos no processo de implementação do ensino?
*   Como propor e implementar soluções rápidas para os desafios identificados nessas discussões?";pedag;implementacao;2_Devolutiva_dim_pedag_implementacao.md
Rubrica 3 - Liderança Estratégica;Consolidar;Parabéns! Você já se sente preparado(a) para liderar os processos de implementação do ensino de maneira estruturada, utilizando estratégias consistentes para assegurar a continuidade das aulas.;Antes de avançar, será importante consolidar seu preparo para implementar processos de monitoramento e planejamento sistemáticos, além de fortalecer o envolvimento da equipe. Veja a seguir algumas indicações de objetos educacionais e recursos de aprendizagem que podem apoiá-lo nessa tarefa.;"1.  **Monitoramento da frequência e mitigação de ausências:**

*   Criação de sistemas regulares e sistemáticas de monitoramento da frequência docente.
*   Análise de padrões de ausência dos professores: Identificando e abordando causas frequentes de faltas (exemplo: saúde, clima, etc.).
*   Planejamento estratégico de soluções (dentro da alçada da escola) para minimizar ausências e mitigar seus efeitos
*   Comunicação e articulação: Envolvendo professores e a equipe no planejamento para reduzir impactos das ausências.
*   Acionamento de instâncias superiores: Como reportar faltas recorrentes, demandas por professores ou outras situações que exigem intervenção externa.

1.  **Gerenciamento de recursos:**

*   Monitoramento de uso de recursos: Ferramentas para gerenciar e monitorar o uso dos materiais didáticos e espaços escolares.
*   Acionamento de instâncias superiores: Como requisitar materiais, resolver problemas estruturais ou reportar falhas que dependem da rede de ensino.

1.  **Proteção do tempo pedagógico:**

*   Como implementar estratégias sistemáticas e regulares para proteger o tempo pedagógico (minimizar interrupções no tempo de ensino)

1.  **Coordenação de Discussões Estruturadas com Professores:**

*   Como coordenar discussões estruturadas com os professores para identificar problemas e sucessos no processo de implementação do ensino?
*   Como propor e implementar soluções rápidas para os desafios identificados nessas discussões?";pedag;implementacao;2_Devolutiva_dim_pedag_implementacao.md
Rubrica 3 - Liderança Estratégica;Avançar;Parabéns! Você já se sente preparado(a) para liderar a organização da escola de maneira estratégica, promovendo ajustes na grade horária, gerenciando recursos de forma proativa e garantindo a regularidade das aulas. Você também se sente preparado(a) para implementar processos sistemáticos de monitoramento da frequência e assiduidade do corpo docente, antecipar demandas e soluções e coordenar discussões estruturadas com os professores.;Para avançar, será essencial se preparar para criar uma cultura institucional sustentável, onde a equipe e a comunidade escolar compartilhem responsabilidades pela implementação do ensino. Isso inclui fortalecer seu preparo para engajar professores, estudantes e famílias, promovendo a autonomia da equipe e a colaboração em processos de monitoramento, planejamento e proteção do tempo pedagógico de forma sustentável e inovadora. Veja a seguir algumas indicações de objetos educacionais e recursos de aprendizagem que podem apoiá-lo nessa tarefa.;"1.  **Cumprimento e ajustes no calendário e grade horária:**

*   Comunicação e envolvimento da comunidade escolar na (re)organização e monitoramento do tempo escolar.

1.  **Monitoramento da frequência e mitigação de ausências:**

*   Desenvolvimento de estratégias colaborativas para monitoramento e mitigação de ausências dos professores.

1.  **Gerenciamento de Recursos para Assegurar a Realização das Aulas**

*   Como engajar a equipe e a comunidade na gestão compartilhada e sustentável dos recursos (ex.: rodízios para espaços).

1.  **Proteção do tempo pedagógico:**

*   Engajamento da comunidade na preservação do tempo pedagógico como valor institucional.";pedag;implementacao;2_Devolutiva_dim_pedag_implementacao.md
Rubrica 4 - Transformação Cultural;Consolidar;Fantástico! Você já se sente preparado(a) para promover uma cultura de colaboração na implementação do ensino, engajando equipe, estudantes e famílias para garantir a implementação do processo de ensino e aprendizagem com qualidade.;Para continuar evoluindo, será importante fortalecer seu preparo para garantir a sustentabilidade dessas práticas, promovendo a capacidade da equipe e o engajamento de toda a comunidade. Veja a seguir algumas indicações de objetos educacionais e recursos de aprendizagem que podem apoiá-lo nessa tarefa.;"1.  **Cumprimento e ajustes no calendário e grade horária:**

*   Comunicação e envolvimento da comunidade escolar na (re)organização e monitoramento do tempo escolar.

1.  **Monitoramento da frequência e mitigação de ausências:**

*   Desenvolvimento de estratégias colaborativas para monitoramento e mitigação de ausências dos professores.

1.  **Gerenciamento de Recursos para Assegurar a Realização das Aulas**

*   Como engajar a equipe e a comunidade na gestão compartilhada e sustentável dos recursos (ex.: rodízios para espaços).

1.  **Proteção do tempo pedagógico:**

*   Engajamento da comunidade na preservação do tempo pedagógico como valor institucional.";pedag;implementacao;2_Devolutiva_dim_pedag_implementacao.md
Rubrica 1 - Sensibilização;Consolidar;;;"Coleta e Registro de Dados relacionados ao Fluxo Escolar:

*   Introdução aos conceitos de fluxo, abandono, evasão e distorção idade-série: definição e cálculo.
*   Identificação de dados relevantes para o acompanhamento do fluxo escolar (frequência e nota).
*   Uso inicial de sistemas de registro formal disponibilizados pela rede.

Monitoramento da Frequência e do Fluxo Escolar:

*   Introdução à construção de rotinas para o monitoramento regular da Frequência e do Fluxo Escolar e planejamento de intervenções tempestivas";pedag;protecao;4_Devolutiva_dim_pedag_protecao.md
Rubrica 1 - Sensibilização;Avançar;;;"Monitoramento da Frequência e do Fluxo Escolar:

*   Construção de rotinas regulares para monitoramento dos indicadores de fluxo escolar (periodicidade de coleta e análise, responsáveis, ferramentas)

Diagnóstico dos Problemas de Fluxo Escolar:

*   O que compõe um diagnóstico e uso dados quantitativos e qualitativos.
*   Introdução às principais causas externas e internas de abandono e evasão escolar.
*   Cruzamento de dados quantitativos e qualitativos para identificar estudantes e grupos em risco de reprovação, abandono e evasão.

Suporte Psicossocial para Estudantes em Vulnerabilidade:

*   Identificação de situações de vulnerabilidade social e fatores de risco psicossocial.
*   Estrutura e funcionamento da rede de proteção social: saúde, assistência social e segurança.
*   Comunicação intersetorial: como acionar secretarias de educação e serviços externos.
*   Estratégias de busca ativa de estudantes evadidos, em parceria com a rede de proteção social.

Políticas e Programas da Rede para o Fluxo Escolar:

*   Conhecimento dos programas típicos da rede, como classes de aceleração, e o papel da liderança na adaptação ao contexto da escola.";pedag;protecao;4_Devolutiva_dim_pedag_protecao.md
Rubrica 2 - Exploração;Avançar;;;"Monitoramento da Frequência e do Fluxo Escolar

*   Definição de protocolos para intervenção tempestiva a partir dos dados de frequência, como ligações para as famílias após ausência identificada.

Fortalecimento do Vínculo com a Escola

*   Planejamento de práticas pedagógicas inclusivas e formação continuada da equipe pedagógica para lidar com a diversidade.
*   Desenvolvimento de iniciativas de protagonismo estudantil (por ex., grêmios e atividades que promovam o senso de pertencimento)
*   Estratégias para melhorar o clima escolar: valorização da diversidade e prevenção de bullying e discriminação.

Planejamento de Ações para o Fluxo Escolar

*   Estruturação do plano: definição de objetivos, estratégias, cronograma, responsáveis e indicadores de sucesso.
*   Métodos de facilitação de reuniões colaborativas.
*   Ferramentas de planejamento: planilhas e softwares de gestão de projetos.
*   Planejamento da recomposição das aprendizagens como estratégia de permanência

Monitoramento e Avaliação das Ações Planejadas

*   Ciclos de monitoramento e avaliação contínuos das ações do plano.
*   Liderança em processos de revisão e ajustes no plano de ação.";pedag;protecao;4_Devolutiva_dim_pedag_protecao.md
Rubrica 3 - Lideranças Estratégicas;Consolidar;;;"Diagnóstico e Planejamento de Ações para o Fluxo Escolar

*   Ferramentas e métodos de diagnóstico e planejamento participativo: reuniões e entrevistas com estudantes, famílias e professores.

Engajamento da Comunidade Escolar e das Famílias

*   Corresponsabilidade, engajamento e comunicação com as famílias: papel das famílias e da comunidade na permanência e conclusão escolas, Planejamento de reuniões regulares com famílias, dinâmicas de engajamento e uso de canais digitais para comunicação contínua.

Cultura de Sustentabilidade e Autonomia

*   Distribuição de lideranças e institucionalização de práticas de monitoramento e intervenção.";pedag;protecao;4_Devolutiva_dim_pedag_protecao.md
Rubrica 4 - Transformação Cultural;Consolidar;;;"Diagnóstico e Planejamento de Ações para o Fluxo Escolar

*   Ferramentas e métodos de diagnóstico e planejamento participativo: reuniões e entrevistas com estudantes, famílias e professores.

Engajamento da Comunidade Escolar e das Famílias

*   Corresponsabilidade, engajamento e comunicação com as famílias: papel das famílias e da comunidade na permanência e conclusão escolas, Planejamento de reuniões regulares com famílias, dinâmicas de engajamento e uso de canais digitais para comunicação contínua.

Cultura de Sustentabilidade e Autonomia

*   Distribuição de lideranças e institucionalização de práticas de monitoramento e intervenção.";pedag;protecao;4_Devolutiva_dim_pedag_protecao.md
Rubrica 1 - Sensibilização;Consolidar;Muito bem! Você já reconhece a importância do planejamento pedagógico e demonstra compromisso em viabilizar momentos e espaços para que ele aconteça. Está no caminho certo para desenvolver práticas fundamentais na gestão do planejamento escolar.;Antes de avançar, é necessário consolidar este nível. Para isso, será essencial estar preparado(a) para compreender mais profundamente o planejamento pedagógico, assegurar condições básicas para que os professores realizem seu planejamento e organizar rotinas e um calendário de planejamento ao longo do ano. Também será importante conhecer os fundamentos básicos da recomposição de aprendizagens. Veja a seguir algumas indicações de objetos educacionais e recursos de aprendizagem que podem apoiá-lo nessa tarefa.;"1.  **Conceitos básicos de planejamento pedagógico**

*   O que o planejamento pedagógico e qual é sua importância?
*   O que contempla um planejamento pedagógico de qualidade? (pode incluir roteiros, exemplos etc.)

1.  **Etapas e calendário de planejamento**

*   Quais são as etapas do ciclo de planejamento?
*   Como elaborar um calendário e instituir rotinas de planejamento coletivo e individual ao longo do ano? (pode incluir ferramentas)

**Fundamentos conceituais e normativos da recomposição de aprendizagens**

Definição da recomposição das aprendizagens e sua diferença em relação à recuperação escolar.

Marco legal e normativo: Pacto Nacional pela Recomposição das Aprendizagens (MEC), diretrizes do CNE e normativas estaduais e municipais.";pedag;planejamento;1_Devolutiva_dim_pedag_planejamento.md
Rubrica 1 - Sensibilização;Avançar;Muito bem! Você já reconhece a importância do planejamento pedagógico e se sente preparado(a) para viabilizar momentos e espaços para sua realização. Você se percebe preparado(a) para assegurar que os professores elaborem e implementem suas propostas, evidenciando compromisso com o processo de planejamento pedagógico na escola.;Para avançar, será necessário estar preparado(a) para assumir um papel mais ativo de mediação, promovendo um planejamento pedagógico mais integrado e colaborativo, que dialogue com diagnósticos e objetivos institucionais**,** inclusive no que se refere à recomposição de aprendizagens. Veja a seguir algumas indicações de objetos educacionais e recursos de aprendizagem que podem apoiá-lo nessa tarefa.;"1.  **Diagnóstico escolar para embasar o planejamento pedagógico**
    *   O que deve estar contemplado no diagnóstico para o planejamento? (diferença do diagnóstico mais amplo para PPP)
    *   Diagnóstico das necessidades dos estudantes (relação com o conhecimento escolar e níveis de aprendizagem)?
    *   Uso de avaliações externas e internas para diagnosticar a necessidade de recomposição das aprendizagens
2.  **Definição de objetivos de aprendizagem a partir dos parâmetros curriculares e diagnóstico da escola**
    *   Conhecimento dos parâmetros curriculares nacionais e locais (BNCC, currículo priorizado para recomposição de aprendizagens)
    *   Definição de objetivos de aprendizagem para o ano e desdobramento por bimestre/trimestre, a partir do estudo das diretrizes externas e da proposta e diagnóstico da escola, incluindo diretrizes sobre recomposição de aprendizagens.
3.  **Organização e mediação das reuniões de planejamento**
    *   Como organizar e facilitar reuniões de planejamento (participantes, objetivos, metodologias etc.)?";pedag;planejamento;1_Devolutiva_dim_pedag_planejamento.md
Rubrica 2 - Exploração;Consolidar;Ótimo! Você já se sente preparado(a) para assumir um papel ativo na mediação do planejamento pedagógico e para começar a alinhar esse processo às diretrizes institucionais e políticas educacionais.;Antes de avançar, será necessário fortalecer sua preparação para usar dados de aprendizagem dos estudantes de forma mais consistente como base para o planejamento pedagógico, inclusive para planejar ações de recomposição das aprendizagens. Além disso, será importante consolidar sua capacidade de mediar discussões com os professores sobre o alinhamento pedagógico. Veja a seguir algumas indicações de objetos educacionais e recursos de aprendizagem que podem apoiá-lo nessa tarefa.;"1.  **Diagnóstico escolar para embasar o planejamento pedagógico**
    *   O que deve estar contemplado no diagnóstico para o planejamento? (diferença do diagnóstico mais amplo para PPP)
    *   Diagnóstico das necessidades dos estudantes (relação com o conhecimento escolar e níveis de aprendizagem)?
    *   Uso de avaliações externas e internas para diagnosticar a necessidade de recomposição das aprendizagens
2.  **Definição de objetivos de aprendizagem a partir dos parâmetros curriculares e diagnóstico da escola**

*   Conhecimento dos parâmetros curriculares nacionais (BNCC, currículo priorizado para recomposição de aprendizagens))
*   Definição de objetivos de aprendizagem para o ano e desdobramento por bimestre/trimestre, a partir do estudo das diretrizes externas e da proposta e diagnóstico da escola incluindo diretrizes sobre recomposição de aprendizagens.

1.  **Organização e mediação das reuniões de planejamento**

*   Como organizar e facilitar reuniões de planejamento (participantes, objetivos, metodologias etc.)?";pedag;planejamento;1_Devolutiva_dim_pedag_planejamento.md
Rubrica 2 - Exploração;Avançar;Parabéns! Você já se sente preparado(a) para desempenhar um papel ativo na mediação do planejamento pedagógico, garantindo que ele seja baseado em um diagnóstico de aprendizagem dos estudantes. Você se percebe preparado(a) para promover discussões importantes sobre o alinhamento do planejamento com as políticas educacionais e a proposta pedagógica da escola, além de monitorar se as ações estão sendo implementadas conforme planejado.;Para avançar, será fundamental estar preparado(a) para ampliar o escopo do diagnóstico, estruturar melhor as rotinas de monitoramento e replanejamento e fornecer apoio consistente aos professores, com diretrizes claras sobre o que deve conter no planejamento e devolutivas construtivas. Isso inclui estar preparado para continuamente avaliar e revisar as estratégias de recomposição das aprendizagens. Veja a seguir algumas indicações de objetos educacionais e recursos de aprendizagem que podem apoiá-lo nessa tarefa.;"1.  **Diagnóstico escolar para embasar o planejamento pedagógico**
    *   Diagnóstico das práticas de ensino dos professores (sua capacidade de transpor os parâmetros curriculares em práticas efetivas de ensino e aprendizagem)
2.  **Planejamento das ações, responsáveis e recursos necessários**
    *   Conhecimento de estratégias didático-metodológicas para aprendizagem mais efetiva (metodologias ativas, aprendizagem por projetos, práticas de diferenciação e personalização do ensino)
    *   Elaboração de diretrizes para o planejamento macro das ações e para o seu desdobramento progressivo em planos de aula detalhados
    *   Conhecimento de estratégias específicas de recomposição das aprendizagens e diretrizes para sua integração ao planejamento pedagógico.
3.  **Suporte e devolutiva aos professores**
    *   Avaliação e devolutiva técnico/crítica do planejamento pedagógico dos professores (critérios de qualidade, roteiros de análise e devolutiva, técnicas de feedback do gestor e entre pares).
4.  **Monitoramento, avaliação e replanejamento**
    *   Monitoramento e avaliação dos resultados de aprendizagem e replanejamento
    *   Monitoramento da implementação das ações recomposição das aprendizagens e avaliação dos resultados";pedag;planejamento;1_Devolutiva_dim_pedag_planejamento.md
Rubrica 3 - Liderança Estratégica;Consolidar;Parabéns! Você já se sente preparado(a) para liderar o processo de planejamento pedagógico de forma consistente e estruturada, buscando o alinhamento entre o diagnóstico, a proposta da escola e as diretrizes externas.;Antes de avançar, será necessário fortalecer seu preparo para realizar diagnósticos das práticas pedagógicas dos professores e utilizá-los para embasar os objetivos e estratégias planejadas, incluindo as de recomposição das aprendizagens. Também será importante consolidar sua capacidade de orientar tecnicamente o planejamento, tornando as devolutivas aos professores mais consistentes e garantindo um acompanhamento sistemático dos resultados e seu uso no replanejamento. Veja a seguir algumas indicações de objetos educacionais e recursos de aprendizagem que podem apoiá-lo nessa tarefa.;"1.  **Diagnóstico escolar para embasar o planejamento pedagógico**

*   Diagnóstico das práticas de ensino dos professores (sua capacidade de transpor os parâmetros curriculares em práticas efetivas de ensino e aprendizagem)

1.  **Planejamento das ações, responsáveis e recursos necessários**
    *   Conhecimento de estratégias didático-metodológicas para aprendizagem mais efetiva (metodologias ativas, aprendizagem por projetos, práticas de diferenciação e personalização do ensino)
    *   Elaboração de diretrizes para o planejamento macro das ações e para o seu desdobramento progressivo em planos de aula detalhados
    *   Conhecimento de estratégias específicas de recomposição das aprendizagens e diretrizes para sua integração ao planejamento pedagógico.
2.  **Suporte e devolutiva aos professores**

*   Avaliação e devolutiva técnico/crítica do planejamento pedagógico dos professores (critérios de qualidade, roteiros de análise e devolutiva, técnicas de feedback do gestor e entre pares).

1.  **Monitoramento, avaliação e replanejamento**

*   Monitoramento e avaliação dos resultados de aprendizagem e replanejamento
*   Monitoramento da implementação das ações recomposição das aprendizagens e avaliação dos resultados";pedag;planejamento;1_Devolutiva_dim_pedag_planejamento.md
Rubrica 3 - Liderança Estratégica;Avançar;Excelente trabalho! Você já se sente preparado(a) para liderar o planejamento pedagógico de forma consistente e estruturada, conectando o diagnóstico da aprendizagem e do ensino a objetivos e estratégias claras. Você se percebe preparado para assegurar o alinhamento com o PPP, a BNCC e outras políticas educacionais. Além disso, você se avalia capacitado(a) para instituir calendários e rotinas bem definidas para a elaboração, desdobramento e revisão do planejamento, fornecendo suporte técnico e devolutivas construtivas à equipe.;Para avançar, será necessário fortalecer o preparo para promover a autonomia da equipe e consolidar a interdisciplinaridade e a inovação como práticas autossustentáveis e sistemáticas, incluindo a incorporação da recomposição das aprendizagens como parte da cultura de planejamento da escola. Veja a seguir algumas indicações de objetos educacionais e recursos de aprendizagem que podem apoiá-lo nessa tarefa.;"1.  **Interdisciplinariedade e práticas integradoras**
    *   O que é a interdisplinariedade?
    *   Práticas de promoção da interdisciplinariedade no planejamento coletivo.
2.  **Engajamento da comunidade e comunicação**
    *   Participação dos estudantes no planejamento pedagógico
    *   Papel das famílias e participação no planejamento pedagógico
    *   Comunicação eficaz do planejamento para a comunidade escolar
3.  **Distribuição da liderança e criação de uma cultura sustentável**
    *   Distribuição da liderança, definição de papeis, orientação e acompanhamento da equipe durante o processo de planejamento
4.  **Sensibilização e mobilização para recomposição das aprendizagens**

*   Comunicar a estudantes e famílias o que é recomposição e sua importância, diferenciando-a da recuperação escolar, sensibilizando a comunidade sobre a necessidade de abordar defasagens de anos anteriores sem estigmatizar os estudantes.
*   Como engajar toda a equipe escolar na corresponsabilidade pela recomposição (por exemplo, garantindo que não seja vista apenas como uma tarefa do professor de reforço.)";pedag;planejamento;1_Devolutiva_dim_pedag_planejamento.md
Rubrica 4 - Transformação cultural;Consolidar;Fantástico! Você já se sente preparado(a) para promover uma cultura escolar em que o planejamento pedagógico seja consistente, colaborativo, contínuo e sustentável. Você se percebe preparado para integrar os objetivos e estratégias pedagógicas com o diagnóstico da escola e as políticas educacionais, fortalecendo a interdisciplinaridade e a inovação. Além disso, você se avalia capacitado(a) para envolver professores, estudantes, famílias e demais atores escolares, criando um ambiente de engajamento e autonomia coletiva.;Embora este nível reflita uma atuação exemplar, é importante assegurar que as práticas sustentáveis e inovadoras continuem evoluindo em resposta às novas demandas educacionais e que a cultura escolar permaneça adaptável e aberta a mudanças futuras. O foco na distribuição da liderança e na criação de capacidade e autonomia da equipe continuará sendo fundamental nesse processo. Da mesma forma, continuará sendo importante a incorporação da recomposição das aprendizagens como parte da cultura de planejamento da escola. Veja a seguir algumas indicações de objetos educacionais e recursos de aprendizagem que podem apoiá-lo nessa tarefa.;"1.  **Interdisciplinariedade e práticas integradoras**
    *   O que é a interdisplinariedade?
    *   Práticas de promoção da interdisciplinariedade no planejamento coletivo.
2.  **Engajamento da comunidade e comunicação**
    *   Participação dos estudantes no planejamento pedagógico
    *   Papel das famílias e participação no planejamento pedagógico
    *   Comunicação eficaz do planejamento para a comunidade escolar
3.  **Distribuição da liderança e criação de uma cultura sustentável**
    *   Distribuição da liderança, definição de papeis, orientação e acompanhamento da equipe durante o processo de planejamento
4.  **Sensibilização e mobilização para recomposição das aprendizagens**

*   Comunicar a estudantes e famílias o que é recomposição e sua importância, diferenciando-a da recuperação escolar, sensibilizando a comunidade sobre a necessidade de abordar defasagens de anos anteriores sem estigmatizar os estudantes.
*   Como engajar toda a equipe escolar na corresponsabilidade pela recomposição (por exemplo, garantindo que não seja vista apenas como uma tarefa do professor de reforço.)";pedag;planejamento;1_Devolutiva_dim_pedag_planejamento.md
Rubrica 1 - Sensibilização;Consolidar;;;"Fundamentos Conceituais e Legais da Convivência Escolar e Diversidade

*   Conceito de convivência escolar: Definições e princípios de convivência democrática, clima escolar e cultura de paz, e sua relação com a aprendizagem.
*   Conceitos de diversidade, inclusão, discriminação e estigmatização, destacando sua relevância no contexto escolar.
*   Compreensão das diferentes formas de violência e discriminação:
    *   Violências estruturais, como racismo, machismo, LGBTfobia, gordofobia e capacitismo.
    *   Outras formas de violência, como bullying e ciberagressões, e suas implicações no ambiente escolar.
*   Legislação e normativas relevantes: Conhecimento sobre marcos legais e políticas educacionais relacionadas à convivência escolar e à promoção da diversidade, como:
    *   O que diz LDB, ECA, PNE e outras normativas aplicáveis.
    *   Lei nº 10.639/2003 e Lei nº 11.645/2008: Obrigatoriedade do ensino de história e cultura afro-brasileira, africana e indígena no currículo escolar.
    *   Lei nº 13.185/2015: Institui o Programa de Combate à Intimidação Sistemática (bullying).
*   Programas e estratégias educacionais: Iniciativas do MEC e das redes de ensino voltadas à convivência democrática e à promoção da diversidade.
*   Comportamentos de Risco e Articulação com a Rede de Proteção Social
    *   Articulação com a rede de proteção social para encaminhamento e acompanhamento de casos.";pessoal;convivencia;6_Devolutiva_dim_pessoal_convivencia.md
Rubrica 1 - Sensibilização;Avançar;;;"Diagnóstico de Problemas de Convivência Escolar

*   Técnicas para identificar problemas de convivência escolar, utilizando dados qualitativos e quantitativos, além de métodos participativos.

Comportamentos de Risco e Articulação com a Rede de Proteção Social

*   *   Identificação de sinais de comportamentos de risco, como violência, bullying, uso de substâncias e autolesão.
    *   Conhecimento sobre fatores de proteção e estratégias preventivas no contexto escolar.

Criação e Gestão de Normas de Convivência

*   *   Métodos para liderar a construção coletiva de normas de convivência escolar.

Promoção de Ações Educativas para a Convivência

*   *   Metodologias educativas: Repertório de estratégias para planejar e implementar ações como projetos, rodas de conversa e campanhas sobre temas de convivência e inclusão.

Engajamento e Corresponsabilidade da Comunidade Escolar

*   *   Comunicação eficaz: Ferramentas e abordagens para manter um diálogo contínuo e significativo com a comunidade escolar sobre as normas e ações de convivência.";pessoal;convivencia;6_Devolutiva_dim_pessoal_convivencia.md
Rubrica 2 - Exploração;Avançar;;;"Planejamento de Ações para a Convivência Escolar

*   *   Estratégias para planejar ações estruturadas e integradas ao PPP e ao planejamento pedagógico, com definição de metas, cronogramas e indicadores.

Gestão de Conflitos e Justiça Restaurativa

*   *   Conceitos e metodologias de mediação de conflitos e justiça restaurativa.
    *   Aplicação de práticas de justiça restaurativa no contexto escolar (círculos restaurativos, mediação)

Promoção de Ações Educativas para a Convivência

*   *   Educação socioemocional: Fundamentos e estratégias para o desenvolvimento de competências socioemocionais, como empatia, autorregulação e trabalho em equipe.
    *   Articulação com o currículo e o PPP: Planejamento e implementação de ações educativas integradas ao planejamento pedagógico e alinhadas às políticas educacionais.

Formação Continuada para a Equipe Escolar

*   *   Práticas éticas, inclusivas e alinhadas ao PPP: Capacitação da equipe para adotar metodologias pedagógicas que promovam a inclusão, o desenvolvimento integral e o bem-estar dos estudantes.
    *   Planejamento e condução de formações: Métodos para organizar formações regulares, como oficinas e debates, alinhadas às necessidades da equipe e às metas pedagógicas da escola.

Engajamento e Corresponsabilidade da Comunidade Escolar

*   *   Participação e corresponsabilidade: Estratégias para engajar estudantes, famílias e educadores na construção de um ambiente escolar acolhedor e seguro.
*   Monitoramento e Avaliação de Práticas de Convivência Escolar
    *   Métodos e ferramentas de monitoramento e avaliação: Estratégias e instrumentos para acompanhar a implementação e os resultados das práticas de convivência escolar.
    *   Criação de indicadores: Definição e utilização de indicadores qualitativos e quantitativos para avaliar a eficácia das ações de convivência e orientar ajustes";pessoal;convivencia;6_Devolutiva_dim_pessoal_convivencia.md
Rubrica 3 - Liderança Estratégica;Consolidar;;;"Promoção de Ações Educativas para a Convivência

*   Garantia de práticas, espaços e materiais inclusivos e representativos: Ações para assegurar que práticas pedagógicas, espaços e materiais escolares reflitam e valorizem a diversidade de gênero, raça e outras identidades, garantindo representatividade e sendo livres de estereótipos.

Engajamento e Corresponsabilidade da Comunidade Escolar

*   Institucionalização: Métodos para formalizar normas e estratégias em documentos oficiais e registrar aprendizagens para promover uma cultura de convivência democrática.
*   Distribuição de liderança: Técnicas para delegar responsabilidades e envolver diferentes membros da equipe e da comunidade escolar na liderança das práticas de convivência, garantindo maior comprometimento e autonomia.";pessoal;convivencia;6_Devolutiva_dim_pessoal_convivencia.md
Rubrica 4 - Transformação cultural;Consolidar;;;"Promoção de Ações Educativas para a Convivência

*   Garantia de práticas, espaços e materiais inclusivos e representativos: Ações para assegurar que práticas pedagógicas, espaços e materiais escolares reflitam e valorizem a diversidade de gênero, raça e outras identidades, garantindo representatividade e sendo livres de estereótipos.

Engajamento e Corresponsabilidade da Comunidade Escolar

*   Institucionalização: Métodos para formalizar normas e estratégias em documentos oficiais e registrar aprendizagens para promover uma cultura de convivência democrática.
*   Distribuição de liderança: Técnicas para delegar responsabilidades e envolver diferentes membros da equipe e da comunidade escolar na liderança das práticas de convivência, garantindo maior comprometimento e autonomia.";pessoal;convivencia;6_Devolutiva_dim_pessoal_convivencia.md
