ID;Dimensão;Subdimensão;Rubrica nome;Rubrica numero;Faixa de pontuação (intervalo de pontuação);Pontos fortes;O que fazer para avançar;Necessidades formativas
1;Dimensão pedagógica;Planejamento pedagógico;Sensibilização – Nível Consolidar;1;"0-9 pontos / Consolidar: 0-5; Avançar: 6-9";Muito bem! Você já reconhece a importância do planejamento pedagógico e demonstra compromisso em viabilizar momentos e espaços para que ele aconteça. Está no caminho certo para desenvolver práticas fundamentais na gestão do planejamento escolar.;"Antes de avançar, é necessário consolidar este nível. Para isso, será essencial estar preparado(a) para compreender mais profundamente o planejamento pedagógico, assegurar condições básicas para que os professores realizem seu planejamento e organizar rotinas e um calendário de planejamento ao longo do ano. Também será importante conhecer os fundamentos básicos da recomposição de aprendizagens. Veja a seguir algumas indicações de objetos educacionais e recursos de aprendizagem que podem apoiá-lo nessa tarefa.  
";"1.	Conceitos básicos de planejamento pedagógico
1.1	O que o planejamento pedagógico e qual é sua importância?
1.2	O que contempla um planejamento pedagógico de qualidade? (pode incluir roteiros, exemplos etc.)

2.	Etapas e calendário de planejamento
2.1	Quais são as etapas do ciclo de planejamento? 
2.2	Como elaborar um calendário e instituir rotinas de planejamento coletivo e individual ao longo do ano? (pode incluir ferramentas) 

3.	Fundamentos conceituais e normativos da recomposição de aprendizagens
3.1 Definição da recomposição das aprendizagens e sua diferença em relação à recuperação escolar.
3.3 Marco legal e normativo: Pacto Nacional pela Recomposição das Aprendizagens (MEC), diretrizes do CNE e normativas estaduais e municipais."
2;Dimensão pedagógica;Planejamento pedagógico;Sensibilização – Nível Avançar;1;"0-9 pontos / Consolidar: 0-5; Avançar: 6-9";Muito bem! Você já reconhece a importância do planejamento pedagógico e se sente preparado(a) para viabilizar momentos e espaços para sua realização. Você se percebe preparado(a) para assegurar que os professores elaborem e implementem suas propostas, evidenciando compromisso com o processo de planejamento pedagógico na escola.;Para avançar, será necessário estar preparado(a) para assumir um papel mais ativo de mediação, promovendo um planejamento pedagógico mais integrado e colaborativo, que dialogue com diagnósticos e objetivos institucionais, inclusive no que se refere à recomposição de aprendizagens. Veja a seguir algumas indicações de objetos educacionais e recursos de aprendizagem que podem apoiá-lo nessa tarefa.  ;"1.	Diagnóstico escolar para embasar o planejamento pedagógico
a.	O que deve estar contemplado no diagnóstico para o planejamento? (diferença do diagnóstico mais amplo para PPP) 
b.	Diagnóstico das necessidades dos estudantes (relação com o conhecimento escolar e níveis de aprendizagem)?
c.	Uso de avaliações externas e internas para diagnosticar a necessidade de recomposição das aprendizagens


2.	Definição de objetivos de aprendizagem a partir dos parâmetros curriculares e diagnóstico da escola
a.	Conhecimento dos parâmetros curriculares nacionais e locais (BNCC, currículo priorizado para recomposição de aprendizagens)
b.	Definição de objetivos de aprendizagem para o ano e desdobramento por bimestre/trimestre, a partir do estudo das diretrizes externas e da proposta e diagnóstico da escola, incluindo diretrizes sobre recomposição de aprendizagens.  

3.	Organização e mediação das reuniões de planejamento 
a.	Como organizar e facilitar reuniões de planejamento (participantes, objetivos, metodologias etc.)?"
3;Dimensão pedagógica;Planejamento pedagógico;Exploração – Nível Consolidar;2;"10 a 21 pontos / Consolidar: 10-16; Avançar: 17-21";Ótimo! Você já se sente preparado(a) para assumir um papel ativo na mediação do planejamento pedagógico e para começar a alinhar esse processo às diretrizes institucionais e políticas educacionais. ;Antes de avançar, será necessário fortalecer sua preparação para usar dados de aprendizagem dos estudantes de forma mais consistente como base para o planejamento pedagógico, inclusive para planejar ações de recomposição das aprendizagens. Além disso, será importante consolidar sua capacidade de mediar discussões com os professores sobre o alinhamento pedagógico. Veja a seguir algumas indicações de objetos educacionais e recursos de aprendizagem que podem apoiá-lo nessa tarefa.  ;"1.	Diagnóstico escolar para embasar o planejamento pedagógico
a.	O que deve estar contemplado no diagnóstico para o planejamento? (diferença do diagnóstico mais amplo para PPP) 
b.	Diagnóstico das necessidades dos estudantes (relação com o conhecimento escolar e níveis de aprendizagem)?
c.	Uso de avaliações externas e internas para diagnosticar a necessidade de recomposição das aprendizagens


2. Definição de objetivos de aprendizagem a partir dos parâmetros curriculares e diagnóstico da escola
a.	Conhecimento dos parâmetros curriculares nacionais (BNCC, currículo priorizado para recomposição de aprendizagens))
b.	Definição de objetivos de aprendizagem para o ano e desdobramento por bimestre/trimestre, a partir do estudo das diretrizes externas e da proposta e diagnóstico da escola incluindo diretrizes sobre recomposição de aprendizagens.  

3.Organização e mediação das reuniões de planejamento 
a.	Como organizar e facilitar reuniões de planejamento (participantes, objetivos, metodologias etc.)?"
4;Dimensão pedagógica;Planejamento pedagógico;Exploração – Nível Avançar;2;"10 a 21 pontos / Consolidar: 10-16; Avançar: 17-21";Parabéns! Você já se sente preparado(a) para desempenhar um papel ativo na mediação do planejamento pedagógico, garantindo que ele seja baseado em um diagnóstico de aprendizagem dos estudantes. Você se percebe preparado(a) para promover discussões importantes sobre o alinhamento do planejamento com as políticas educacionais e a proposta pedagógica da escola, além de monitorar se as ações estão sendo implementadas conforme planejado. ;Para avançar, será fundamental estar preparado(a) para ampliar o escopo do diagnóstico, estruturar melhor as rotinas de monitoramento e replanejamento e fornecer apoio consistente aos professores, com diretrizes claras sobre o que deve conter no planejamento e devolutivas construtivas. Isso inclui estar preparado para continuamente avaliar e revisar as estratégias de recomposição das aprendizagens. Veja a seguir algumas indicações de objetos educacionais e recursos de aprendizagem que podem apoiá-lo nessa tarefa.  ;"1.	Diagnóstico escolar para embasar o planejamento pedagógico
a.	Diagnóstico das práticas de ensino dos professores (sua capacidade de transpor os parâmetros curriculares em práticas efetivas de ensino e aprendizagem)

2.	Planejamento das ações, responsáveis e recursos necessários
a.	Conhecimento de estratégias didático-metodológicas para aprendizagem mais efetiva (metodologias ativas, aprendizagem por projetos, práticas de diferenciação e personalização do ensino) 
b.	Elaboração de diretrizes para o planejamento macro das ações e para o seu desdobramento progressivo em planos de aula detalhados 
c.	Conhecimento de estratégias específicas de recomposição das aprendizagens e diretrizes para sua integração ao planejamento pedagógico. 

3.	Suporte e devolutiva aos professores
a.	Avaliação e devolutiva técnico/crítica do planejamento pedagógico dos professores (critérios de qualidade, roteiros de análise e devolutiva, técnicas de feedback do gestor e entre pares).

4.	Monitoramento, avaliação e replanejamento
a.	Monitoramento e avaliação dos resultados de aprendizagem e replanejamento
b.	Monitoramento da implementação das ações recomposição das aprendizagens e avaliação dos resultados"
5;Dimensão pedagógica;Planejamento pedagógico;Liderança Estratégica – Nível Consolidar;3;"22 a 36/ Consolidar: 22-30; Avançar: 31 a 36";Parabéns! Você já se sente preparado(a) para liderar o processo de planejamento pedagógico de forma consistente e estruturada, buscando o alinhamento entre o diagnóstico, a proposta da escola e as diretrizes externas. ;Antes de avançar, será necessário fortalecer seu preparo para realizar diagnósticos das práticas pedagógicas dos professores e utilizá-los para embasar os objetivos e estratégias planejadas, incluindo as de recomposição das aprendizagens. Também será importante consolidar sua capacidade de orientar tecnicamente o planejamento, tornando as devolutivas aos professores mais consistentes e garantindo um acompanhamento sistemático dos resultados e seu uso no replanejamento. Veja a seguir algumas indicações de objetos educacionais e recursos de aprendizagem que podem apoiá-lo nessa tarefa.  ;"1.	Diagnóstico escolar para embasar o planejamento pedagógico
a.	Diagnóstico das práticas de ensino dos professores (sua capacidade de transpor os parâmetros curriculares em práticas efetivas de ensino e aprendizagem)

2.	Planejamento das ações, responsáveis e recursos necessários
a.	Conhecimento de estratégias didático-metodológicas para aprendizagem mais efetiva (metodologias ativas, aprendizagem por projetos, práticas de diferenciação e personalização do ensino) 
b.	Elaboração de diretrizes para o planejamento macro das ações e para o seu desdobramento progressivo em planos de aula detalhados 
c.	Conhecimento de estratégias específicas de recomposição das aprendizagens e diretrizes para sua integração ao planejamento pedagógico. 


3.	Suporte e devolutiva aos professores
a.	Avaliação e devolutiva técnico/crítica do planejamento pedagógico dos professores (critérios de qualidade, roteiros de análise e devolutiva, técnicas de feedback do gestor e entre pares).

4.	Monitoramento, avaliação e replanejamento
a.	Monitoramento e avaliação dos resultados de aprendizagem e replanejamento
b.	Monitoramento da implementação das ações recomposição das aprendizagens e avaliação dos resultados"
6;Dimensão pedagógica;Planejamento pedagógico;Liderança Estratégica – Nível Avançar;3;"22 a 36/ Consolidar: 22-30; Avançar: 31 a 36";Excelente trabalho! Você já se sente preparado(a) para liderar o planejamento pedagógico de forma consistente e estruturada, conectando o diagnóstico da aprendizagem e do ensino a objetivos e estratégias claras. Você se percebe preparado para assegurar o alinhamento com o PPP, a BNCC e outras políticas educacionais. Além disso, você se avalia capacitado(a) para instituir calendários e rotinas bem definidas para a elaboração, desdobramento e revisão do planejamento, fornecendo suporte técnico e devolutivas construtivas à equipe.;Para avançar, será necessário fortalecer o preparo para promover a autonomia da equipe e consolidar a interdisciplinaridade e a inovação como práticas autossustentáveis e sistemáticas, incluindo a incorporação da recomposição das aprendizagens como parte da cultura de planejamento da escola. Veja a seguir algumas indicações de objetos educacionais e recursos de aprendizagem que podem apoiá-lo nessa tarefa.  ;"1.	Interdisciplinariedade e práticas integradoras 
a.	O que é a interdisplinariedade?
b.	Práticas de promoção da interdisciplinariedade no planejamento coletivo.

2.	Engajamento da comunidade e comunicação
a.	Participação dos estudantes no planejamento pedagógico 
b.	Papel das famílias e participação no planejamento pedagógico
c.	Comunicação eficaz do planejamento para a comunidade escolar

3.	Distribuição da liderança e criação de uma cultura sustentável
a.	Distribuição da liderança, definição de papeis, orientação e acompanhamento da equipe durante o processo de planejamento

4.	Sensibilização e mobilização para recomposição das aprendizagens
a.	Comunicar a estudantes e famílias o que é recomposição e sua importância, diferenciando-a da recuperação escolar, sensibilizando a comunidade sobre a necessidade de abordar defasagens de anos anteriores sem estigmatizar os estudantes.
b.	Como engajar toda a equipe escolar na corresponsabilidade pela recomposição (por exemplo, garantindo que não seja vista apenas como uma tarefa do professor de reforço.)"
7;Dimensão pedagógica;Planejamento pedagógico;Transformação cultural – Nível Consolidar;4;37 a 51 pontos/ Consolidar: 37-51;Fantástico! Você já se sente preparado(a) para promover uma cultura escolar em que o planejamento pedagógico seja consistente, colaborativo, contínuo e sustentável. Você se percebe preparado para integrar os objetivos e estratégias pedagógicas com o diagnóstico da escola e as políticas educacionais, fortalecendo a interdisciplinaridade e a inovação. Além disso, você se avalia capacitado(a) para envolver professores, estudantes, famílias e demais atores escolares, criando um ambiente de engajamento e autonomia coletiva. ;Embora este nível reflita uma atuação exemplar, é importante assegurar que as práticas sustentáveis e inovadoras continuem evoluindo em resposta às novas demandas educacionais e que a cultura escolar permaneça adaptável e aberta a mudanças futuras. O foco na distribuição da liderança e na criação de capacidade e autonomia da equipe continuará sendo fundamental nesse processo. Da mesma forma, continuará sendo importante a incorporação da recomposição das aprendizagens como parte da cultura de planejamento da escola. Veja a seguir algumas indicações de objetos educacionais e recursos de aprendizagem que podem apoiá-lo nessa tarefa.  ;"
1.	Interdisciplinariedade e práticas integradoras 
a.	O que é a interdisplinariedade?
b.	Práticas de promoção da interdisciplinariedade no planejamento coletivo.
2.	Engajamento da comunidade e comunicação
a.	Participação dos estudantes no planejamento pedagógico 
b.	Papel das famílias e participação no planejamento pedagógico
c.	Comunicação eficaz do planejamento para a comunidade escolar

3.	Distribuição da liderança e criação de uma cultura sustentável
a.	Distribuição da liderança, definição de papeis, orientação e acompanhamento da equipe durante o processo de planejamento

4. Sensibilização e mobilização para recomposição das aprendizagens
c.	Comunicar a estudantes e famílias o que é recomposição e sua importância, diferenciando-a da recuperação escolar, sensibilizando a comunidade sobre a necessidade de abordar defasagens de anos anteriores sem estigmatizar os estudantes.
d.	Como engajar toda a equipe escolar na corresponsabilidade pela recomposição (por exemplo, garantindo que não seja vista apenas como uma tarefa do professor de reforço.)"
8;Dimensão pedagógica;Implementação do processo de ensino e aprendizagem;Sensibilização – Nível Consolidar;1;0-6 (Consolidar: 0-3);Muito bem! Você já reconhece a importância de garantir a implementação dos processos de ensino e aprendizagem no dia a dia e está no caminho certo para consolidar práticas fundamentais nessa área.;Antes de avançar, é preciso consolidar este nível. Para isso, será necessário fortalecer seus conhecimentos sobre conceitos básicos relacionados à implementação do ensino e práticas que assegurem o funcionamento mínimo das aulas. Veja a seguir algumas indicações de objetos educacionais e recursos de aprendizagem que podem apoiá-lo nessa tarefa.  ;"Cumprimento e ajustes no calendário e grade horária: 
o	O que é a grade horária e o calendário escolar, diretrizes legais e importância na organização da escola?
o	Ferramentas para organizar, ajustar e monitorar cumprimento do calendário e grade horária (pode incluir uso de softwares ou planilhas para monitorar e adaptar horários)

Monitoramento da frequência e mitigação de ausências: 
o	O que é e qual a importância do monitoramento da frequência dos professores.
Gerenciamento de recursos: 
o	Como identificar as necessidades básicas de recursos para o funcionamento diário da escola (Mapeamento de materiais, espaços e equipamentos necessários para o ensino no dia a dia para fins da gestão dos recursos) 
Proteção do tempo pedagógico: 
o	O que é o tempo pedagógico e como ele impacta a aprendizagem.
o	Identificação das principais interrupções no tempo pedagógico."
9;Dimensão pedagógica;Implementação do processo de ensino e aprendizagem;Sensibilização – Nível Avançar;1;0-6 (Avançar: 4-6);Parabéns! Você já se sente preparado(a) para organizar a escola de forma a cumprir o calendário escolar e assegurar a realização das aulas conforme o planejado. Além disso, você se sente preparado(a) para atuar em situações emergenciais, organizando espaços, materiais e recursos para atender a demandas imediatas. Seu compromisso com a implementação do ensino demonstra uma base sólida para avançar.;Para avançar, será importante desenvolver maior preparo para processos mais consistentes de monitoramento e planejamento. Isso inclui se preparar para monitorar regularmente a frequência e assiduidade do corpo docente, antecipar soluções para ausências e planejar e distribuir recursos de forma mais eficiente. Também será essencial fortalecer sua capacidade de promover discussões mais frequentes e estruturadas sobre os desafios e sucessos da implementação do ensino, além de trabalhar na proteção do tempo pedagógico. Veja a seguir algumas indicações de objetos educacionais e recursos de aprendizagem que podem apoiá-lo nessa tarefa.  ;"Cumprimento e ajustes no calendário e grade horária: 
o	Como lidar com situações emergenciais que impactam o calendário escolar e a grade horária e planejar para necessidades recorrentes.

Monitoramento da frequência e mitigação de ausências: 
o	Ferramentas básicas para monitorar a frequência dos professores regularmente.
o	Como monitorar, registrar e planejar estratégias de reposição.


Gerenciamento de recursos: 
o	Planejamento antecipado e alocação de recursos: Como prever demandas e evitar problemas logísticos."
10;Dimensão pedagógica;Implementação do processo de ensino e aprendizagem;Exploração – Nível Consolidar;2;7-15 (Consolidar: 7-11);Ótimo trabalho! Você já se sente preparado(a) para planejar e antecipar soluções para problemas recorrentes, criando estratégias para organizar os processos de implementação do ensino;Antes de avançar, será necessário desenvolver maior preparo para lidar com estratégias mais complexas e começar a sistematizar as ações realizadas. Veja a seguir algumas indicações de objetos educacionais e recursos de aprendizagem que podem apoiá-lo nessa tarefa.  ;"Cumprimento e ajustes no calendário e grade horária: 
o	Como lidar com situações emergenciais que impactam o calendário escolar e a grade horária e planejar para necessidades recorrentes.

Monitoramento da frequência e mitigação de ausências: 
o	Ferramentas básicas para monitorar a frequência dos professores regularmente.
o	Como monitorar, registrar e planejar estratégias de reposição.


Gerenciamento de recursos: 
o	Planejamento antecipado e alocação de recursos: Como prever demandas e evitar problemas logísticos."
11;Dimensão pedagógica;Implementação do processo de ensino e aprendizagem;Exploração – Nível Avançar;2;7-15 (Avançar: 11-15);Muito bem! Você já se sente preparado(a) para implementar processos regulares que permitem ajustar a grade horária e o calendário escolar conforme necessário. Você também se sente preparado(a) para monitorar a frequência dos professores, planejar a distribuição de recursos de forma antecipada e promover discussões regulares com os professores sobre problemas e sucessos da implementação do ensino. Além disso, você se percebe capacitado trabalhar de forma ativa na proteção do tempo pedagógico.;Antes de avançar, será importante consolidar seu preparo para implementar processos de monitoramento e planejamento sistemáticos, além de fortalecer o envolvimento da equipe. Veja a seguir algumas indicações de objetos educacionais e recursos de aprendizagem que podem apoiá-lo nessa tarefa.  ;"
Monitoramento da frequência e mitigação de ausências: 
o	Criação de sistemas regulares e sistemáticas de monitoramento da frequência docente.
o	Análise de padrões de ausência dos professores: Identificando e abordando causas frequentes de faltas (exemplo: saúde, clima, etc.).
o	Planejamento estratégico de soluções (dentro da alçada da escola) para minimizar ausências e mitigar seus efeitos
o	Comunicação e articulação: Envolvendo professores e a equipe no planejamento para reduzir impactos das ausências.
o	Acionamento de instâncias superiores: Como reportar faltas recorrentes, demandas por professores ou outras situações que exigem intervenção externa.

Gerenciamento de recursos: 
o	Monitoramento de uso de recursos: Ferramentas para gerenciar e monitorar o uso dos materiais didáticos e espaços escolares.
o	Acionamento de instâncias superiores: Como requisitar materiais, resolver problemas estruturais ou reportar falhas que dependem da rede de ensino.


Proteção do tempo pedagógico: 
o	Como implementar estratégias sistemáticas e regulares para proteger o tempo pedagógico (minimizar interrupções no tempo de ensino)

Coordenação de Discussões Estruturadas com Professores:
o	Como coordenar discussões estruturadas com os professores para identificar problemas e sucessos no processo de implementação do ensino?
o	Como propor e implementar soluções rápidas para os desafios identificados nessas discussões?"
12;Dimensão pedagógica;Implementação do processo de ensino e aprendizagem;Liderança Estratégica – Nível Consolidar;3;16-30 (Consolidar: 16-23);Parabéns! Você já se sente preparado(a) para liderar os processos de implementação do ensino de maneira estruturada, utilizando estratégias consistentes para assegurar a continuidade das aulas.;Antes de avançar, será importante consolidar seu preparo para implementar processos de monitoramento e planejamento sistemáticos, além de fortalecer o envolvimento da equipe.;"Monitoramento da frequência e mitigação de ausências: 
o	Criação de sistemas regulares e sistemáticas de monitoramento da frequência docente.
o	Análise de padrões de ausência dos professores: Identificando e abordando causas frequentes de faltas (exemplo: saúde, clima, etc.).
o	Planejamento estratégico de soluções (dentro da alçada da escola) para minimizar ausências e mitigar seus efeitos
o	Comunicação e articulação: Envolvendo professores e a equipe no planejamento para reduzir impactos das ausências.
o	Acionamento de instâncias superiores: Como reportar faltas recorrentes, demandas por professores ou outras situações que exigem intervenção externa.

Gerenciamento de recursos: 
o	Monitoramento de uso de recursos: Ferramentas para gerenciar e monitorar o uso dos materiais didáticos e espaços escolares.
o	Acionamento de instâncias superiores: Como requisitar materiais, resolver problemas estruturais ou reportar falhas que dependem da rede de ensino.


Proteção do tempo pedagógico: 
o	Como implementar estratégias sistemáticas e regulares para proteger o tempo pedagógico (minimizar interrupções no tempo de ensino)

Coordenação de Discussões Estruturadas com Professores:
o	Como coordenar discussões estruturadas com os professores para identificar problemas e sucessos no processo de implementação do ensino?
o	Como propor e implementar soluções rápidas para os desafios identificados nessas discussões?"
13;Dimensão pedagógica;Implementação do processo de ensino e aprendizagem;Liderança Estratégica – Nível Avançar;3;16-30 (Avançar: 23-30);Parabéns! Você já se sente preparado(a) para liderar a organização da escola de maneira estratégica, promovendo ajustes na grade horária, gerenciando recursos de forma proativa e garantindo a regularidade das aulas. Você também se sente preparado(a) para implementar processos sistemáticos de monitoramento da frequência e assiduidade do corpo docente, antecipar demandas e soluções e coordenar discussões estruturadas com os professores. ;Para avançar, será essencial se preparar para criar uma cultura institucional sustentável, onde a equipe e a comunidade escolar compartilhem responsabilidades pela implementação do ensino. Isso inclui fortalecer seu preparo para engajar professores, estudantes e famílias, promovendo a autonomia da equipe e a colaboração em processos de monitoramento, planejamento e proteção do tempo pedagógico de forma sustentável e inovadora. Veja a seguir algumas indicações de objetos educacionais e recursos de aprendizagem que podem apoiá-lo nessa tarefa.  ;"Cumprimento e ajustes no calendário e grade horária: 
o	Comunicação e envolvimento da comunidade escolar na (re)organização e monitoramento do tempo escolar.

Monitoramento da frequência e mitigação de ausências: 
o	Desenvolvimento de estratégias colaborativas para monitoramento e mitigação de ausências dos professores.

Gerenciamento de Recursos para Assegurar a Realização das Aulas
o	Como engajar a equipe e a comunidade na gestão compartilhada e sustentável dos recursos (ex.: rodízios para espaços).

Proteção do tempo pedagógico: 
Engajamento da comunidade na preservação do tempo pedagógico como valor institucional."
14;Dimensão pedagógica;Implementação do processo de ensino e aprendizagem;Transformação Cultural – Nível Consolidar;4;31-36 (Consolidar: 31-36);Fantástico! Você já se sente preparado(a) para promover uma cultura de colaboração na implementação do ensino, engajando equipe, estudantes e famílias para garantir a implementação do processo de ensino e aprendizagem com qualidade. ;Para continuar evoluindo, será importante fortalecer seu preparo para garantir a sustentabilidade dessas práticas, promovendo a capacidade da equipe e o engajamento de toda a comunidade. Veja a seguir algumas indicações de objetos educacionais e recursos de aprendizagem que podem apoiá-lo nessa tarefa.  ;"Cumprimento e ajustes no calendário e grade horária: 
o	Comunicação e envolvimento da comunidade escolar na (re)organização e monitoramento do tempo escolar.

Monitoramento da frequência e mitigação de ausências: 
o	Desenvolvimento de estratégias colaborativas para monitoramento e mitigação de ausências dos professores.

Gerenciamento de Recursos para Assegurar a Realização das Aulas
o	Como engajar a equipe e a comunidade na gestão compartilhada e sustentável dos recursos (ex.: rodízios para espaços).

Proteção do tempo pedagógico: 
o	Engajamento da comunidade na preservação do tempo pedagógico como valor institucional."
15;Dimensão pedagógica;Monitoramento e Avaliação da Aprendizagem;Sensibilização – Nível Consolidar;1;0-9 (Consolidar: 0-5);Você está construindo a base necessária para garantir o uso dos dados avaliativos como ferramentas importantes na gestão para aprendizagem!;Para consolidar este nível, você pode fortalecer o registro sistemático dos dados e começar a explorar como usá-los em discussões com a equipe escolar. Também será importante refletir mais sobre como as avaliações podem ser melhor conectadas ao planejamento pedagógico, incluindo o planejamento das ações de recomposição das aprendizagens. Veja a seguir algumas indicações de objetos educacionais e recursos de aprendizagem que podem apoiá-lo nessa tarefa.  ;"1.	Conceitos Fundamentais de Avaliação:
o	Diferenças entre avaliação externa e interna; somativa e formativa.
o	Potencial das avaliações para subsidiar o planejamento pedagógico, incluindo estratégias de recomposição das aprendizagens.

2.	Ciclo de uso dos dados de avaliação da aprendizagem:
o	Compreensão inicial das etapas de planejamento, aplicação, registro e organização de dados de avaliação de aprendizagem."
16;Dimensão pedagógica;Monitoramento e Avaliação da Aprendizagem;Sensibilização – Nível Avançar;1;0-9 (Avançar: 6-9);Muito bem! Você já se sente preparado para garantir a realização de avaliações externas e internas, assegurando que essas práticas ocorram conforme o planejado. Além disso, percebe-se capacitado para assegurar o registro dos resultados, criando as condições iniciais para seu uso no planejamento escolar. ;Neste momento, você utiliza as informações avaliativas de forma ainda reativa e pontual, com foco principalmente somativo, para atender demandas administrativas. Para avançar, será importante explorar como esses dados podem ser melhor integrados ao planejamento pedagógico, incluindo as ações de recomposição das aprendizagens, superando uma abordagem desvinculada e reativa, bem como priorizando também a reflexão e discussão sobre avaliações internas de caráter mais formativo. Veja a seguir algumas indicações de objetos educacionais e recursos de aprendizagem que podem apoiá-lo nessa tarefa.  ;"1.Leitura e Interpretação Básica de Dados (competência analítica):
o	Capacitação inicial em leitura de relatórios de avaliação.

2. Aprofundamento em Avaliação Formativa:
o	Maior aprofundamento conceitual em avaliação formativa

3.	Sensibilização da Equipe Escolar: 
o	Estratégias para promover o uso das avaliações como meio para aprendizagem (combate ao uso da avaliação como controle, recompensa ou punição) "
17;Dimensão pedagógica;Monitoramento e Avaliação da Aprendizagem;Exploração – Nível Consolidar;2;10-27 (Consolidar: 10-19);Você se sente preparado(a) para explorar práticas importantes, como divulgar os resultados das avaliações e incentivar ajustes no planejamento pedagógico!;Para consolidar este nível, será importante fortalecer suas práticas de mediação, promovendo discussões mais estruturadas com a equipe escolar e incentivando o uso dos dados para identificar áreas prioritárias de intervenção, incluindo ações de recomposição das aprendizagens. Além disso, você pode começar a sensibilizar sua equipe para o maior uso de práticas avaliativas formativas. Veja a seguir algumas indicações de objetos educacionais e recursos de aprendizagem que podem apoiá-lo nessa tarefa.  ;"1.Leitura e Interpretação Básica de Dados (competência analítica):
o	Capacitação inicial em leitura de relatórios de avaliação.

2. Aprofundamento em Avaliação Formativa:
o	Maior aprofundamento conceitual em avaliação formativa

3. Promovendo Discussões Pedagógicas:
o	Estruturar reuniões com professores baseadas em dados de avaliação de aprendizagem para planejamento. 

4. Sensibilização da Equipe Escolar: 
o	Estratégias para promover o uso das avaliações como meio para aprendizagem (combate ao uso da avaliação como controle, recompensa ou punição) "
18;Dimensão pedagógica;Monitoramento e Avaliação da Aprendizagem;Exploração – Nível Avançar;2;10-27 (Avançar: 20-27);Muito bem! Você se sente preparado(a) para atuar de forma ativa na mediação do uso dos dados avaliativos, promovendo discussões estruturadas com a equipe escolar e conectando os resultados a ajustes básicos no planejamento pedagógico. Já se percebe capacitado(a) para divulgar os resultados das avaliações externas, relacionando-os às metas da secretaria, e utilizar os dados para identificar prioridades pedagógicas gerais para a escola. Além disso, você se avalia apto(a) a incentivar práticas de avaliação formativa e sensibilizar a equipe sobre o propósito das avaliações como ferramentas de melhoria da aprendizagem, evitando seu uso como punição ou recompensa.;Para avançar, será essencial desenvolver práticas mais sistemáticas e aprofundar a integração entre as avaliações (somativas e formativas, internas e externas) e o planejamento pedagógico. Apoiar a equipe na experimentação de estratégias pedagógicas de diferenciação do ensino e de recomposição das aprendizagens também pode contribuir para uma abordagem mais intencional e equitativa na melhoria da aprendizagem. Veja a seguir algumas indicações de objetos educacionais e recursos de aprendizagem que podem apoiá-lo nessa tarefa.  ;"
1. Integração dos diversos tipos de avaliações ao Planejamento Pedagógico:
o	Uso integrado de avaliações internas e externas, somativas e formativas, para estabelecer metas internas e fazer planejamento pedagógico. 

2.	Diversificação de fontes de dados
o	Combinar dados de avaliações externas, internas e observações de sala de aula para identificar de padrões de ensino e aprendizagem e enriquecer os diagnósticos.

3.	Estratégias Pedagógicas de diferenciação do ensino e de recomposição das aprendizagens:
o	Planejamento e implementação de práticas pedagógicas de diferenciação do ensino e recomposição de aprendizagens com base em dados de avaliação."
19;Dimensão pedagógica;Monitoramento e Avaliação da Aprendizagem;Liderança Estratégica – Nível Consolidar;3;28-42 (Consolidar: 28-36);Parabéns! Você já se sente preparado(a) para liderar o uso sistemático dos dados avaliativos, integrando avaliações externas e internas ao planejamento pedagógico e conectando essas práticas às metas internas da escola. Já se percebe capacitado(a) para facilitar a triangulação de diferentes fontes de dados, como avaliações e observações de sala de aula, para identificar padrões de ensino e aprendizagem. Também se avalia capaz de orientar a equipe na proposição de estratégias pedagógicas diferenciadas, ajustadas às necessidades específicas de cada grupo de estudantes, incluindo estratégias de recomposição das aprendizagens, e promover a equidade e o fortalecimento do currículo escolar.;Embora suas práticas já sejam sistemáticas, você pode avançar ao consolidar processos sustentáveis e inovadores e fomentar uma maior autonomia da equipe na análise e no uso de dados. Promover maior inovação e expandir a colaboração para envolver toda a comunidade escolar no uso dos dados são passos importantes para alcançar uma transformação cultural. Veja a seguir algumas indicações de objetos educacionais e recursos de aprendizagem que podem apoiá-lo nessa tarefa.  ;"1.	Sustentabilidade e Inovação:
o	Sustentação de mecanismos colaborativos de monitoramento e ajuste contínuos para fomento de uma cultura de melhoria contínua no longo prazo
o	Distribuição da liderança e fortalecimento da corresponsabilidade dos professores na análise e uso de dados avaliativos

2.	Mobilização da Comunidade Escolar:
o	Papel da avaliação na relação com as famílias
o	Estratégias para engajar professores, estudantes e famílias no acompanhamento dos resultados e fomentar uma cultura de colaboração e melhoria contínua.
o	Sensibilização da comunidade sobre a necessidade de abordar defasagens de anos anteriores sem estigmatizar os estudantes (recomposição de aprendizagens).

3.	Avaliação da aprendizagem para promover a mudança de práticas: Desenvolvimento Profissional Docente 
o	Uso de dados de aprendizagem para identificar necessidades de formação, promover ciclos de reflexão e alavancar a qualidade da educação. "
20;Dimensão pedagógica;Monitoramento e Avaliação da Aprendizagem;Liderança Estratégica – Nível Avançar;3;28-42 (Avançar: 37-42);Parabéns! Você já se sente preparado(a) para liderar o uso sistemático dos dados avaliativos, integrando avaliações externas e internas ao planejamento pedagógico e conectando essas práticas às metas internas da escola. Já se percebe capacitado(a) para facilitar a triangulação de diferentes fontes de dados, como avaliações e observações de sala de aula, para identificar padrões de ensino e aprendizagem. Também se avalia capaz de orientar a equipe na proposição de estratégias pedagógicas diferenciadas, ajustadas às necessidades específicas de cada grupo de estudantes, incluindo estratégias de recomposição das aprendizagens, e promover a equidade e o fortalecimento do currículo escolar.;Você já demonstra um forte compromisso com a colaboração e a mobilização da comunidade escolar no uso de dados avaliativos. Para consolidar este nível, será importante estruturar sistemas que garantam a regularidade no monitoramento e na avaliação das intervenções. Também será necessário fortalecer as práticas de formação docente baseadas em dados, promovendo ciclos continuados de reflexão e aprendizado colaborativo. Veja a seguir algumas indicações de objetos educacionais e recursos de aprendizagem que podem apoiá-lo nessa tarefa.  ;"o	Sustentabilidade e Inovação:
o	Sustentação de mecanismos colaborativos de monitoramento e ajuste contínuos para fomento de uma cultura de melhoria contínua no longo prazo
o	Distribuição da liderança e fortalecimento da corresponsabilidade dos professores na análise e uso de dados avaliativos

o	Mobilização da Comunidade Escolar:
o	Papel da avaliação na relação com as famílias
o	Estratégias para engajar professores, estudantes e famílias no acompanhamento dos resultados e fomentar uma cultura de colaboração e melhoria contínua.
o	Sensibilização da comunidade sobre a necessidade de abordar defasagens de anos anteriores sem estigmatizar os estudantes (recomposição de aprendizagens).

o	Avaliação da aprendizagem para promover a mudança de práticas: Desenvolvimento Profissional Docente 
o	Uso de dados de aprendizagem para identificar necessidades de formação, promover ciclos de reflexão e alavancar a qualidade da educação. "
21;Dimensão pedagógica;Monitoramento e Avaliação da Aprendizagem;Transformação Cultural – Nível Consolidar;4;42-48 (Consolidar: 42-48);Parabéns! Você se sente preparado(a) para promover uma cultura escolar em que o uso de dados avaliativos é integrado e colaborativo. Já se percebe capaz de mobilizar professores, estudantes e famílias em reflexões contínuas e na tomada de decisões pedagógicas. Você já se percebe preparado para garantir estratégias diferenciadas de ensino que atendam às necessidades de grupos de estudantes em diferentes níveis de aprendizagem, incluindo ações e de recomposição de aprendizagens, promovendo equidade e impacto. Você também se percebe capacitado para sustentar essas práticas, identificando áreas de desenvolvimento docente e promovendo ciclos de formação continuada.;Você já demonstra um forte compromisso com a colaboração e a mobilização da comunidade escolar no uso de dados avaliativos. Para consolidar este nível, será importante estruturar sistemas que garantam a regularidade no monitoramento e na avaliação das intervenções. Também será necessário fortalecer as práticas de formação docente baseadas em dados, promovendo ciclos continuados de reflexão e aprendizado colaborativo. Veja a seguir algumas indicações de objetos educacionais e recursos de aprendizagem que podem apoiá-lo nessa tarefa.  ;"o	Sustentabilidade e Inovação:
o	Sustentação de mecanismos colaborativos de monitoramento e ajuste contínuos para fomento de uma cultura de melhoria contínua no longo prazo
o	Distribuição da liderança e fortalecimento da corresponsabilidade dos professores na análise e uso de dados avaliativos

o	Mobilização da Comunidade Escolar:
o	Papel da avaliação na relação com as famílias
o	Estratégias para engajar professores, estudantes e famílias no acompanhamento dos resultados e fomentar uma cultura de colaboração e melhoria contínua.
o	Sensibilização da comunidade sobre a necessidade de abordar defasagens de anos anteriores sem estigmatizar os estudantes (recomposição de aprendizagens).

o	Avaliação da aprendizagem para promover a mudança de práticas: Desenvolvimento Profissional Docente 
o	Uso de dados de aprendizagem para identificar necessidades de formação, promover ciclos de reflexão e alavancar a qualidade da educação. "
22;Dimensão pedagógica;Proteção das Trajetórias Estudantis - promoção da permanência e conclusão;Sensibilização – Nível Consolidar;1;0-6 (Consolidar: 0-3);Parabéns! Você já reconhece a importância de usar dados relacionados a frequência, abandono e reprovação para tomar decisões e se sente preparado(a) parar realiza sua coleta de forma a atender as demandas administrativas. Este é um passo inicial essencial para a gestão do fluxo escolar.;Para consolidar este nível, é necessário fortalecer seu preparo para realizar registros regulares e organizados desses dados. Além disso, será importante consolidar o uso desses dados para tomar decisões, ainda que pontuais, para apoiar estudantes em risco de reprovação ou abandono. Veja a seguir algumas indicações de objetos educacionais e recursos de aprendizagem que podem apoiá-lo nessa tarefa.  ;"Coleta e Registro de Dados relacionados ao Fluxo Escolar:
o	Introdução aos conceitos de fluxo, abandono, evasão e distorção idade-série: definição e cálculo.
o	Identificação de dados relevantes para o acompanhamento do fluxo escolar (frequência e nota).
o	Uso inicial de sistemas de registro formal disponibilizados pela rede.

Monitoramento da Frequência e do Fluxo Escolar:
o	Introdução à construção de rotinas para o monitoramento regular da Frequência e do Fluxo Escolar e planejamento de intervenções tempestivas"
23;Dimensão pedagógica;Proteção das Trajetórias Estudantis - promoção da permanência e conclusão;Sensibilização – Nível Avançar;1;0-6 (Avançar: 4-6);Parabéns! Você já se sente preparado(a) para registrar dados de frequência, abandono e reprovação, utilizá-los para atender demandas administrativas e realizar ações pontuais (por exemplo, reposição de aulas ou atividades de recuperação ao final do ano para evitar a reprovação de alunos por frequência e nota). ;Para avançar, será essencial se preparar para implementar rotinas mais regulares de monitoramento, que permitam identificar problemas de fluxo escolar ao longo do ano e agir de forma mais tempestiva. Também será importante começar a realizar diagnósticos do problema e suas causas para planejar intervenções mais estruturadas, tais como a articulação com a rede de proteção social e programas da própria rede educativa para apoiar estudantes em risco de abandono e/ou reprovação. Veja a seguir algumas indicações de objetos educacionais e recursos de aprendizagem que podem apoiá-lo nessa tarefa.  ;"Monitoramento da Frequência e do Fluxo Escolar:
o	Construção de rotinas regulares para monitoramento dos indicadores de fluxo escolar (periodicidade de coleta e análise, responsáveis, ferramentas)

Diagnóstico dos Problemas de Fluxo Escolar:
o	O que compõe um diagnóstico e uso dados quantitativos e qualitativos.
o	Introdução às principais causas externas e internas de abandono e evasão escolar.
o	Cruzamento de dados quantitativos e qualitativos para identificar estudantes e grupos em risco de reprovação, abandono e evasão.

Suporte Psicossocial para Estudantes em Vulnerabilidade:
o	Identificação de situações de vulnerabilidade social e fatores de risco psicossocial.
o	Estrutura e funcionamento da rede de proteção social: saúde, assistência social e segurança.
o	Comunicação intersetorial: como acionar secretarias de educação e serviços externos.
o	Estratégias de busca ativa de estudantes evadidos, em parceria com a rede de proteção social.

Políticas e Programas da Rede para o Fluxo Escolar:
o	Conhecimento dos programas típicos da rede, como classes de aceleração, e o papel da liderança na adaptação ao contexto da escola."
24;Dimensão pedagógica;Proteção das Trajetórias Estudantis - promoção da permanência e conclusão;Exploração – Nível Consolidar;2;7-21 (Consolidar: 7-14);Parabéns! Você já se sente preparado(a) para começar a implementar rotinas regulares de monitoramento e a realizar diagnósticos do problema e suas causas para planejar intervenções mais tempestivas.;Para consolidar este nível, é necessário fortalecer rotinas regulares de monitoramento, com periodicidade definida e uso de ferramentas adequadas. Também é essencial aprimorar o preparo para planejar intervenções mais tempestivas, permitindo ações ao final de cada bimestre ou trimestre letivo, por exemplo, em vez de apenas no final do ano. Além disso, é fundamental avançar na elaboração de diagnósticos que integrem dados quantitativos e qualitativos, identificando padrões de problemas e suas causas. Isso possibilitará o planejamento de intervenções mais estruturadas, como a articulação com a rede de proteção social e programas da rede para apoiar estudantes em situação de risco. Veja a seguir algumas indicações de objetos educacionais e recursos de aprendizagem que podem apoiá-lo nessa tarefa.  ;"Monitoramento da Frequência e do Fluxo Escolar:
o	Construção de rotinas regulares para monitoramento dos indicadores de fluxo escolar (periodicidade de coleta e análise, responsáveis, ferramentas)

Diagnóstico dos Problemas de Fluxo Escolar:
o	O que compõe um diagnóstico e uso dados quantitativos e qualitativos.
o	Introdução às principais causas externas e internas de abandono e evasão escolar.
o	Cruzamento de dados quantitativos e qualitativos para identificar estudantes e grupos em risco de reprovação, abandono e evasão.

Suporte Psicossocial para Estudantes em Vulnerabilidade:
o	Identificação de situações de vulnerabilidade social e fatores de risco psicossocial.
o	Estrutura e funcionamento da rede de proteção social: saúde, assistência social e segurança.
o	Comunicação intersetorial: como acionar secretarias de educação e serviços externos.
o	Estratégias de busca ativa de estudantes evadidos, em parceria com a rede de proteção social.

Políticas e Programas da Rede para o Fluxo Escolar:
o	Conhecimento dos programas típicos da rede, como classes de aceleração, e o papel da liderança na adaptação ao contexto da escola."
25;Dimensão pedagógica;Proteção das Trajetórias Estudantis - promoção da permanência e conclusão;Exploração – Nível Avançar;2;7-21 (Avançar: 15-21);Parabéns! Você já se sente preparado(a) para organizar rotinas regulares de monitoramento, planejar intervenções tempestivas ao longo do ano e realizar diagnósticos iniciais que identificam padrões de problemas e suas causas. Você também se percebe preparado(a) para articular ações com a rede de proteção social e programas da rede para apoiar estudantes em situação de vulnerabilidade.;Para avançar, será essencial integrar os diagnósticos ao planejamento escolar de forma sistemática, abordando tanto as causas internas quanto externas dos problemas de fluxo. Também será necessário fortalecer seu preparo para implementar ações alinhadas aos diagnósticos, inclusive para as causas internas, como estratégias para melhorar o vínculo dos estudantes com a escola, entre elas a promoção de práticas pedagógicas mais inclusivas. Veja a seguir algumas indicações de objetos educacionais e recursos de aprendizagem que podem apoiá-lo nessa tarefa.  ;"Monitoramento da Frequência e do Fluxo Escolar
o	Definição de protocolos para intervenção tempestiva a partir dos dados de frequência, como ligações para as famílias após ausência identificada.

Fortalecimento do Vínculo com a Escola
o	Planejamento de práticas pedagógicas inclusivas e formação continuada da equipe pedagógica para lidar com a diversidade.
o	Desenvolvimento de iniciativas de protagonismo estudantil (por ex., grêmios e atividades que promovam o senso de pertencimento)
o	Estratégias para melhorar o clima escolar: valorização da diversidade e prevenção de bullying e discriminação.

 Planejamento de Ações para o Fluxo Escolar
o	Estruturação do plano: definição de objetivos, estratégias, cronograma, responsáveis e indicadores de sucesso.
o	Métodos de facilitação de reuniões colaborativas.
o	Ferramentas de planejamento: planilhas e softwares de gestão de projetos.
o	Planejamento da recomposição das aprendizagens como estratégia de permanência

Monitoramento e Avaliação das Ações Planejadas
o	Ciclos de monitoramento e avaliação contínuos das ações do plano.
o	Liderança em processos de revisão e ajustes no plano de ação."
26;Dimensão pedagógica;Proteção das Trajetórias Estudantis - promoção da permanência e conclusão;Liderança Estratégica – Nível Consolidar;3;22-39 (Consolidar: 22-31);Parabéns! Você já se sente preparado(a) para começar a lidar com os problemas de fluxo de forma mais sistemática, identificando e abordando consistentemente também as causas internas e implementando rotinas de monitoramento, avaliação e revisão das ações de maneira estruturada.;Para consolidar este nível, será necessário fortalecer seu preparo para construir um plano estratégico integrado ao PPP e ao planejamento pedagógico, além de consolidar sua capacidade de liderar diagnósticos estruturados que considerem causas internas e externas. Também será preciso se preparar para implementar rotinas de monitoramento frequentes (diárias ou semanais) para identificar rapidamente estudantes com faltas ou dificuldades acadêmicas e realizar intervenções imediatas. Adicionalmente, precisará investir mais na capacitação para executar ações que promovam o vínculo dos estudantes com a escola, como práticas pedagógicas inclusivas, projetos de protagonismo estudantil e estratégias para melhorar o clima escolar. Por fim, será importante consolidar práticas de monitoramento, avaliação e revisão contínua das ações implementadas. Veja a seguir algumas indicações de objetos educacionais e recursos de aprendizagem que podem apoiá-lo nessa tarefa.  ;"Monitoramento da Frequência e do Fluxo Escolar
o	Definição de protocolos para intervenção tempestiva a partir dos dados de frequência, como ligações para as famílias após ausência identificada.

Fortalecimento do Vínculo com a Escola
o	Planejamento de práticas pedagógicas inclusivas e formação continuada da equipe pedagógica para lidar com a diversidade.
o	Desenvolvimento de iniciativas de protagonismo estudantil (por ex., grêmios e atividades que promovam o senso de pertencimento)
o	Estratégias para melhorar o clima escolar: valorização da diversidade e prevenção de bullying e discriminação.

 Planejamento de Ações para o Fluxo Escolar
o	Estruturação do plano: definição de objetivos, estratégias, cronograma, responsáveis e indicadores de sucesso.
o	Métodos de facilitação de reuniões colaborativas.
o	Ferramentas de planejamento: planilhas e softwares de gestão de projetos.
o	Planejamento da recomposição das aprendizagens como estratégia de permanência


Monitoramento e Avaliação das Ações Planejadas
o	Ciclos de monitoramento e avaliação contínuos das ações do plano.
o	Liderança em processos de revisão e ajustes no plano de ação."
27;Dimensão pedagógica;Proteção das Trajetórias Estudantis - promoção da permanência e conclusão;Liderança Estratégica – Nível Avançar;3;22-39 (Avançar: 32-39);Muito bem! Você já se sente preparado(a) para liderar a construção de planos estratégicos integrados ao PPP e ao planejamento pedagógico, implementar rotinas frequentes de monitoramento, realizar diagnósticos estruturados que abordam causas internas e externas e planejar ações sistemáticas, como práticas pedagógicas inclusivas, projetos de protagonismo estudantil e estratégias para melhorar o clima escolar.;Para avançar, será necessário se preparar para promover uma cultura colaborativa e sustentável, onde as responsabilidades pelo fluxo escolar sejam amplamente compartilhadas entre a equipe, os estudantes e as famílias. Também será importante fortalecer processos de autonomia e sustentabilidade para garantir que a gestão do fluxo escolar dependa menos de sua atuação direta. Veja a seguir algumas indicações de objetos educacionais e recursos de aprendizagem que podem apoiá-lo nessa tarefa.  ;"Diagnóstico e Planejamento de Ações para o Fluxo Escolar 
o	Ferramentas e métodos de diagnóstico e planejamento participativo: reuniões e entrevistas com estudantes, famílias e professores.

Engajamento da Comunidade Escolar e das Famílias
o	Corresponsabilidade, engajamento e comunicação com as famílias: papel das famílias e da comunidade na permanência e conclusão escolas, Planejamento de reuniões regulares com famílias, dinâmicas de engajamento e uso de canais digitais para comunicação contínua.

Cultura de Sustentabilidade e Autonomia
o	Distribuição de lideranças e institucionalização de práticas de monitoramento e intervenção."
28;Dimensão pedagógica;Proteção das Trajetórias Estudantis - promoção da permanência e conclusão;Transformação Cultural – Nível Consolidar;4;40-45 (Consolidar: 40-45);Parabéns! Você já se sente preparado(a) para promover uma cultura institucional colaborativa e sustentável, onde a responsabilidade pelo fluxo escolar é amplamente compartilhada.;Para consolidar este nível, será necessário fortalecer seu preparo para promover uma cultura escolar em que a gestão do fluxo seja sustentada por processos permanentes e colaborativos, com responsabilidades amplamente compartilhadas entre a equipe escolar, estudantes e famílias. Será preciso consolidar a capacidade de estruturar rotinas de monitoramento e intervenções contínuas e tempestivas, garantindo que essas práticas sejam incorporadas como valores institucionais, menos dependentes de sua liderança direta. Veja a seguir algumas indicações de objetos educacionais e recursos de aprendizagem que podem apoiá-lo nessa tarefa.  ;"Diagnóstico e Planejamento de Ações para o Fluxo Escolar 
o	Ferramentas e métodos de diagnóstico e planejamento participativo: reuniões e entrevistas com estudantes, famílias e professores.

Engajamento da Comunidade Escolar e das Famílias
o	Corresponsabilidade, engajamento e comunicação com as famílias: papel das famílias e da comunidade na permanência e conclusão escolas, Planejamento de reuniões regulares com famílias, dinâmicas de engajamento e uso de canais digitais para comunicação contínua.

Cultura de Sustentabilidade e Autonomia
o	Distribuição de lideranças e institucionalização de práticas de monitoramento e intervenção."
29;Dimensão pedagógica;Desenvolvimento profissional docente;Sensibilização – Nível Consolidar;1;0-9 (Consolidar: 0-4);Parabéns! Você já reconhece a importância de apoiar o desenvolvimento profissional docente e se sente preparado(a) para realizar ações pontuais nesse sentido.;Para consolidar este nível, será necessário aprofundar sua compreensão de conceitos fundamentais sobre desenvolvimento docente e fortalecer práticas já iniciadas, como viabilizar ações formativas pontuais e oferecer apoio aos professores, especialmente aos novatos, ainda que focado no acolhimento afetivo. Além disso, será importante se preparar para garantir o tempo de planejamento coletivo dos professores, mesmo que ainda não se sinta pronto(a) para liderá-lo diretamente. Veja a seguir algumas indicações de objetos educacionais e recursos de aprendizagem que podem apoiá-lo nessa tarefa.  ;"Conceitos e Fundamentos do Desenvolvimento Profissional Docente
•	Definição e importância do Desenvolvimento Profissional Docente
•	A escola como lócus de desenvolvimento profissional
•	O papel da liderança no Desenvolvimento Profissional Docente (papeis e responsabilidades)

Acompanhamento e Apoio Individual aos Professores
•	Introdução a estratégias de “indução” (inserção profissional de professores novatos), contemplando acolhimento afetivo, integração profissional e desenvolvimento de competências"
30;Dimensão pedagógica;Desenvolvimento profissional docente;Sensibilização – Nível Avançar;1;0-9 (Avançar: 5-9);Parabéns! Você já se sente preparado(a) para implementar estratégias básicas de desenvolvimento profissional docente, como viabilizar formações pontuais, especialmente externas, e apoiar professores novatos com acolhimento afetivo. Além disso, você se percebe apto(a) a viabilizar momentos de planejamento coletivo, reconhecendo sua importância para a equipe docente.;Para avançar, será necessário desenvolver seu preparo para atuar de forma mais proativa no desenvolvimento profissional docente. Isso inclui sugerir formações baseadas em diagnósticos das necessidades formativas dos professores, utilizando resultados de aprendizagem dos estudantes para identificá-las. Além disso, você precisará se preparar para promover o uso do tempo de planejamento coletivo como espaço para ações formativas mais estruturadas, favorecendo trocas pedagógicas e reflexões colaborativas. Também será importante se preparar para oferecer devolutivas aos professores a partir de observações de aula, mesmo que de forma inicial. Veja a seguir algumas indicações de objetos educacionais e recursos de aprendizagem que podem apoiá-lo nessa tarefa.  ;"Diagnóstico das Necessidades Formativas dos Professores
•	Compreensão sobre o que constitui um diagnóstico de necessidades formativas eficaz e sua relevância para o desenvolvimento docente.
•	Análise de dados de aprendizagem dos estudantes para identificar lacunas formativas dos professores

Planejamento e Promoção de Ações de Desenvolvimento Profissional
•	Conhecimento sobre práticas de formação como grupos de estudo, oficinas pedagógicas, encontros reflexivos e mentorias.

Fomento à Colaboração e Aprendizagem Coletiva
•	Mediação de discussões pedagógicas colaborativas, promovendo trocas de experiências e cocriação de soluções educacionais.

Acompanhamento e Apoio Individual aos Professores
•	Técnicas de observação de aula com foco formativo e feedback construtivo."
31;Dimensão pedagógica;Desenvolvimento profissional docente;Exploração – Nível Consolidar;2;10-18 (Consolidar: 10-14);Parabéns! Você já se sente preparado(a) para atuar de forma mais proativa no desenvolvimento profissional docente, organizando diagnósticos iniciais e utilizando o tempo de planejamento coletivo também com finalidades formativas.;Para consolidar este nível, será necessário fortalecer seu preparo para realizar diagnósticos das necessidades formativas dos professores baseados nos resultados de aprendizagem dos estudantes. Também será importante consolidar o uso do tempo de planejamento coletivo, garantindo que ele seja utilizado para estratégias formativas mais intencionais e consistentes. Além disso, será essencial se preparar para oferecer devolutivas a partir de observações de aula, mesmo que de forma inicial. Veja a seguir algumas indicações de objetos educacionais e recursos de aprendizagem que podem apoiá-lo nessa tarefa.  ;"Diagnóstico das Necessidades Formativas dos Professores
•	Compreensão sobre o que constitui um diagnóstico de necessidades formativas eficaz e sua relevância para o desenvolvimento docente.
•	Análise de dados de aprendizagem dos estudantes para identificar lacunas formativas dos professores

Planejamento e Promoção de Ações de Desenvolvimento Profissional
•	Conhecimento sobre práticas de formação como grupos de estudo, oficinas pedagógicas, encontros reflexivos e mentorias.

Fomento à Colaboração e Aprendizagem Coletiva
•	Mediação de discussões pedagógicas colaborativas, promovendo trocas de experiências e cocriação de soluções educacionais.

Acompanhamento e Apoio Individual aos Professores
•	Técnicas de observação de aula com foco formativo e feedback construtivo."
32;Dimensão pedagógica;Desenvolvimento profissional docente;Exploração – Nível Avançar;2;10-18 (Avançar: 15-18);Parabéns! Você já se sente preparado(a) para atuar de forma mais proativa no desenvolvimento profissional docente, organizando diagnósticos iniciais baseados nos resultados de aprendizagem dos estudantes. Você também se percebe capacitado para utilizar o tempo de planejamento coletivo para ações formativas, ainda que de forma pouco estruturada, e realizar observações pontuais de aula, mesmo que de maneira inicial.;Para avançar, será necessário desenvolver seu preparo para assumir um papel mais estratégico no planejamento do desenvolvimento profissional docente. Isso inclui realizar diagnósticos robustos e sistemáticos que integrem resultados de aprendizagem e práticas pedagógicas, alinhando-os ao PPP. Você também precisará se preparar para implementar estratégias mais estruturadas, como observações de aula com devolutivas consistentes, além de monitorar regularmente as ações formativas para garantir sua eficácia. Veja a seguir algumas indicações de objetos educacionais e recursos de aprendizagem que podem apoiá-lo nessa tarefa.  ;"Diagnóstico das Necessidades Formativas dos Professores
•	Observações de aula, autoavaliações e entrevistas para avaliar práticas pedagógicas dos professores e identificar necessidades formativas

Fomento à Colaboração e Aprendizagem Coletiva
•	Práticas de mentoria entre pares, com atenção especial a professores em início de carreira.

Planejamento e Promoção de Ações de Desenvolvimento Profissional
•	Elementos de um planejamento formativo de qualidade: definição de objetivos, estratégias, cronogramas, previsão de recursos necessários

Acompanhamento e Apoio Individual aos Professores
•	Ferramentas para acompanhar e monitorar o progresso individual dos docentes de forma estruturada. 

Monitoramento e Avaliação das Ações Formativas
•	Métodos para monitorar a execução das ações formativas e avaliar seus impactos.
•	Utilização de ferramentas o acompanhamento das ações (como planilhas e softwares)
•	Definição de indicadores para medir a eficácia das formações no desenvolvimento docente e na aprendizagem dos estudantes"
33;Dimensão pedagógica;Desenvolvimento profissional docente;Liderança Estratégica – Nível Consolidar;3;19-33 (Consolidar: 19-26);Parabéns! Você já se sente preparado(a) para desempenhar um papel estratégico no desenvolvimento profissional docente, liderando ações formativas estruturadas e promovendo maior alinhamento com o PPP da escola.;Para consolidar este nível, será necessário fortalecer seu preparo para realizar um diagnóstico estruturado das necessidades formativas dos professores a partir da análise das suas práticas pedagógicas e dos resultados de aprendizagem dos estudantes, garantindo que eles orientem o planejamento de ações formativas. Além disso, será importante consolidar sua capacidade de oferecer devolutivas consistentes após observações de aula e monitorar regularmente as ações formativas, promovendo ajustes e incentivando práticas inovadoras. Veja a seguir algumas indicações de objetos educacionais e recursos de aprendizagem que podem apoiá-lo nessa tarefa.  ;"Diagnóstico das Necessidades Formativas dos Professores
•	Observações de aula, autoavaliações e entrevistas para avaliar práticas pedagógicas dos professores e identificar necessidades formativas

Fomento à Colaboração e Aprendizagem Coletiva
•	Práticas de mentoria entre pares, com atenção especial a professores em início de carreira.

Planejamento e Promoção de Ações de Desenvolvimento Profissional
•	Elementos de um planejamento formativo de qualidade: definição de objetivos, estratégias, cronogramas, previsão de recursos necessários

Acompanhamento e Apoio Individual aos Professores
•	Ferramentas para acompanhar e monitorar o progresso individual dos docentes de forma estruturada. 

Monitoramento e Avaliação das Ações Formativas
•	Métodos para monitorar a execução das ações formativas e avaliar seus impactos.
•	Utilização de ferramentas o acompanhamento das ações (como planilhas e softwares)
•	Definição de indicadores para medir a eficácia das formações no desenvolvimento docente e na aprendizagem dos estudantes"
34;Dimensão pedagógica;Desenvolvimento profissional docente;Liderança Estratégica – Nível Avançar;3;19-33 (Avançar: 27-33);Parabéns! Você já se sente preparado(a) para liderar o desenvolvimento profissional docente de forma estruturada, utilizando diagnósticos sistemáticos para planejar ações formativas alinhadas ao PPP. Você também se avalia apto(a) a promover estratégias regulares de trabalho coletivo e aprendizagem colaborativa, realizar observações de aula com devolutivas consistentes e garantir recursos e tempo adequados para o desenvolvimento profissional contínuo.;Para avançar, será importante desenvolver seu preparo para consolidar uma cultura institucional de desenvolvimento profissional sustentável. Isso inclui realizar diagnósticos e ações formativas como parte da rotina escolar, compartilhando a liderança com professores, envolvendo toda a comunidade escolar e contribuindo para que a escola funcione como uma comunidade de aprendizagem. Também será necessário se preparar para articular-se com a rede e com outras organizações (como universidades, terceiro setor, organizações no território) para estabelecer parcerias que tragam novas perspectivas e recursos para as formações, promovendo maior efetividade e inovação no contexto escolar. Veja a seguir algumas indicações de objetos educacionais e recursos de aprendizagem que podem apoiá-lo nessa tarefa.  ;"Diagnóstico das Necessidades Formativas dos Professores
•	Abordagens participativas no diagnóstico, promovendo a colaboração entre docentes e comunidade escolar.

Fomento à Colaboração e Aprendizagem Coletiva
•	Criação e fortalecimento de comunidades de prática, grupos de estudo e redes colaborativas entre os professores.
•	Incentivo a práticas pedagógicas inovadoras e à experimentação colaborativa entre os docentes.

Monitoramento e Avaliação das Ações Formativas
•	Envolvimento de professores e comunidade escolar na avaliação e aprimoramento contínuo das formações.

Articulação de Parcerias para Desenvolvimento Profissional
•	Identificação de oportunidades de parceria com universidades, organizações educacionais e redes de ensino (pode incluir exemplos de gestão de parcerias externas para trazer novas perspectivas e recursos para as formações)"
35;Dimensão pedagógica;Desenvolvimento profissional docente;Transformação Cultural – Nível Consolidar;4;34-48 (Consolidar: 34-48);Parabéns! Você já se sente preparado(a) para promover uma cultura institucional de desenvolvimento profissional, envolvendo diferentes atores da comunidade escolar em estratégias de formação contínua e colaborativa.;Para consolidar este nível, será necessário aprofundar seu preparo para estruturar rotinas permanentes de diagnóstico e planejamento, compartilhando a liderança com professores e outros membros da escola e contribuindo para que a escola funcione como uma comunidade de aprendizagem. Também será importante fortalecer a sustentabilidade das práticas formativas, promovendo maior autonomia entre os participantes e institucionalizando valores como colaboração, inovação pedagógica e corresponsabilidade. Além disso, será importante desenvolver ainda mais seu preparo para articular-se com a rede e outras organizações (como universidades, terceiro setor, organizações no território) para estabelecer parcerias que tragam novas perspectivas e recursos para as formações. Veja a seguir algumas indicações de objetos educacionais e recursos de aprendizagem que podem apoiá-lo nessa tarefa.  ;"Diagnóstico das Necessidades Formativas dos Professores
•	Abordagens participativas no diagnóstico, promovendo a colaboração entre docentes e comunidade escolar.

Fomento à Colaboração e Aprendizagem Coletiva
•	Criação e fortalecimento de comunidades de prática, grupos de estudo e redes colaborativas entre os professores.
•	Incentivo a práticas pedagógicas inovadoras e à experimentação colaborativa entre os docentes.

Monitoramento e Avaliação das Ações Formativas
•	Envolvimento de professores e comunidade escolar na avaliação e aprimoramento contínuo das formações.

Articulação de Parcerias para Desenvolvimento Profissional
•	Identificação de oportunidades de parceria com universidades, organizações educacionais e redes de ensino (pode incluir exemplos de gestão de parcerias externas para trazer novas perspectivas e recursos para as formações)"
36;Dimensão pessoal-relacional;Convivência no ambiente escolar;Sensibilização – Nível Consolidar;1;0-9 (Consolidar: 0-4);Parabéns! Você já reconhece a importância de promover um ambiente escolar seguro, inclusivo e acolhedor e demonstra compromisso em implementar práticas básicas para melhorar a convivência na escola. Este é um passo inicial relevante para assegurar um ambiente propício à aprendizagem e ao bem-estar de toda a comunidade escolar.;Para consolidar este nível, será importante aprofundar seu conhecimento sobre os fundamentos conceituais e legais da convivência, bem como fortalecer seu preparo para implementar algumas práticas básicas ou emergenciais. Isso inclui estar capacitado para compreender e aplicar políticas e programas da rede de ensino voltados à promoção da convivência, aplicar sanções para condutas prejudiciais ao ambiente escolar e encaminhar casos críticos, como situações de violência ou autolesão, para os serviços de proteção social competentes. Veja a seguir algumas indicações de objetos educacionais e recursos de aprendizagem que podem apoiá-lo nessa tarefa.  ;"Fundamentos Conceituais e Legais da Convivência Escolar e Diversidade

•	Conceito de convivência escolar: Definições e princípios de convivência democrática, clima escolar e cultura de paz, e sua relação com a aprendizagem.

•	Conceitos de diversidade, inclusão, discriminação e estigmatização, destacando sua relevância no contexto escolar.

•	Compreensão das diferentes formas de violência e discriminação:
o	Violências estruturais, como racismo, machismo, LGBTfobia, gordofobia e capacitismo.
o	Outras formas de violência, como bullying e ciberagressões, e suas implicações no ambiente escolar.

•	Legislação e normativas relevantes: Conhecimento sobre marcos legais e políticas educacionais relacionadas à convivência escolar e à promoção da diversidade, como:
o	O que diz LDB, ECA, PNE e outras normativas aplicáveis.
o	Lei nº 10.639/2003 e Lei nº 11.645/2008: Obrigatoriedade do ensino de história e cultura afro-brasileira, africana e indígena no currículo escolar.
o	Lei nº 13.185/2015: Institui o Programa de Combate à Intimidação Sistemática (bullying).

•	Programas e estratégias educacionais: Iniciativas do MEC e das redes de ensino voltadas à convivência democrática e à promoção da diversidade.

Comportamentos de Risco e Articulação com a Rede de Proteção Social
o	Articulação com a rede de proteção social para encaminhamento e acompanhamento de casos."
37;Dimensão pessoal-relacional;Convivência no ambiente escolar;Sensibilização – Nível Avançar;1;0-9 (Avançar: 5-9);Parabéns! Você já se sente preparado(a) para implementar políticas e programas da rede de ensino voltados à convivência escolar. Além disso, percebe-se preparado(a) para realizar intervenções importantes, como aplicar sanções para atitudes prejudiciais à convivência e encaminhar casos críticos de comportamento de risco para a rede de proteção social. Essas ações são fundamentais para garantir um ambiente escolar seguro e estruturado.;Para avançar, será importante fortalecer sua capacidade de diagnosticar problemas de convivência escolar, mesmo que de forma não estruturada, e começar a planejar ações preventivas. Isso inclui se preparar para desenvolver normas básicas de convivência, como regras de comportamento em sala de aula, e para promover ações preventivas, como rodas de conversa e encontros temáticos sobre convivência. Também será essencial aprimorar sua habilidade para dialogar com a comunidade escolar, fomentando a adesão às normas e fortalecendo o senso de corresponsabilidade. Veja a seguir algumas indicações de objetos educacionais e recursos de aprendizagem que podem apoiá-lo nessa tarefa.  ;"Diagnóstico de Problemas de Convivência Escolar
•	Técnicas para identificar problemas de convivência escolar, utilizando dados qualitativos e quantitativos, além de métodos participativos.

Comportamentos de Risco e Articulação com a Rede de Proteção Social
o	Identificação de sinais de comportamentos de risco, como violência, bullying, uso de substâncias e autolesão.
o	Conhecimento sobre fatores de proteção e estratégias preventivas no contexto escolar.

Criação e Gestão de Normas de Convivência
o	Métodos para liderar a construção coletiva de normas de convivência escolar.

Promoção de Ações Educativas para a Convivência
o	Metodologias educativas: Repertório de estratégias para planejar e implementar ações como projetos, rodas de conversa e campanhas sobre temas de convivência e inclusão.

Engajamento e Corresponsabilidade da Comunidade Escolar
o	Comunicação eficaz: Ferramentas e abordagens para manter um diálogo contínuo e significativo com a comunidade escolar sobre as normas e ações de convivência."
38;Dimensão pessoal-relacional;Convivência no ambiente escolar;Exploração – Nível Consolidar;2;10-21 (Consolidar: 10-16);Ótimo trabalho! Você já se sente preparado(a) para adotar uma postura mais proativa, identificando problemas de convivência e propondo ações preventivas, ainda que de forma pouco estruturada;Para consolidar este nível, será necessário aprimorar sua capacidade de diagnosticar problemas de convivência escolar, mesmo que de forma não estruturada, e promover ações preventivas como rodas de conversa e encontros temáticos sobre convivência. Também será importante fortalecer sua habilidade para desenvolver normas básicas de convivência, como regras de comportamento em sala de aula, e dialogar com a comunidade escolar, fomentando a adesão a essas normas. Veja a seguir algumas indicações de objetos educacionais e recursos de aprendizagem que podem apoiá-lo nessa tarefa.  ;"Diagnóstico de Problemas de Convivência Escolar
•	Técnicas para identificar problemas de convivência escolar, utilizando dados qualitativos e quantitativos, além de métodos participativos.

Comportamentos de Risco e Articulação com a Rede de Proteção Social
o	Identificação de sinais de comportamentos de risco, como violência, bullying, uso de substâncias e autolesão.
o	Conhecimento sobre fatores de proteção e estratégias preventivas no contexto escolar.

Criação e Gestão de Normas de Convivência
o	Métodos para liderar a construção coletiva de normas de convivência escolar.

Promoção de Ações Educativas para a Convivência
o	Metodologias educativas: Repertório de estratégias para planejar e implementar ações como projetos, rodas de conversa e campanhas sobre temas de convivência e inclusão.

Engajamento e Corresponsabilidade da Comunidade Escolar
o	Comunicação eficaz: Ferramentas e abordagens para manter um diálogo contínuo e significativo com a comunidade escolar sobre as normas e ações de convivência."
39;Dimensão pessoal-relacional;Convivência no ambiente escolar;Exploração – Nível Avançar;2;10-21 (Avançar: 17-21);Muito bem! Você já se sente preparado(a) para diagnosticar problemas de convivência escolar e iniciar o planejamento de ações preventivas. Também se percebe capacitado(a) para desenvolver normas básicas de convivência e de promover ações voltadas à prevenção, como rodas de conversa e encontros temáticos. Além disso, você se avalia apto(a) a dialogar com a comunidade escolar, incentivando a adesão às normas de convivência.;Para avançar, será necessário aprimorar seu preparo para planejar ações mais estruturadas, integrando-as ao PPP e ao planejamento pedagógico, com base em diagnósticos mais detalhados. Também será importante fortalecer sua habilidade de liderar o desenvolvimento coletivo de normas de convivência, garantindo a participação ativa de estudantes, professores e famílias. Além disso, será essencial ampliar sua capacidade de promover formações regulares para a equipe escolar, implementar ações educativas integradas ao planejamento pedagógico, como projetos voltados ao fortalecimento de habilidades socioemocionais, e monitorar sistematicamente os resultados das práticas de convivência, ajustando estratégias com base nos dados coletados para promover melhorias contínuas. Veja a seguir algumas indicações de objetos educacionais e recursos de aprendizagem que podem apoiá-lo nessa tarefa.  ;"
Planejamento de Ações para a Convivência Escolar
o	Estratégias para planejar ações estruturadas e integradas ao PPP e ao planejamento pedagógico, com definição de metas, cronogramas e indicadores.

Gestão de Conflitos e Justiça Restaurativa
o	Conceitos e metodologias de mediação de conflitos e justiça restaurativa.
o	Aplicação de práticas de justiça restaurativa no contexto escolar (círculos restaurativos, mediação)

Promoção de Ações Educativas para a Convivência
o	Educação socioemocional: Fundamentos e estratégias para o desenvolvimento de competências socioemocionais, como empatia, autorregulação e trabalho em equipe.
o	Articulação com o currículo e o PPP: Planejamento e implementação de ações educativas integradas ao planejamento pedagógico e alinhadas às políticas educacionais.

Formação Continuada para a Equipe Escolar
o	Práticas éticas, inclusivas e alinhadas ao PPP: Capacitação da equipe para adotar metodologias pedagógicas que promovam a inclusão, o desenvolvimento integral e o bem-estar dos estudantes.
o	Planejamento e condução de formações: Métodos para organizar formações regulares, como oficinas e debates, alinhadas às necessidades da equipe e às metas pedagógicas da escola.

Engajamento e Corresponsabilidade da Comunidade Escolar
o	Participação e corresponsabilidade: Estratégias para engajar estudantes, famílias e educadores na construção de um ambiente escolar acolhedor e seguro.

Monitoramento e Avaliação de Práticas de Convivência Escolar
o	Métodos e ferramentas de monitoramento e avaliação: Estratégias e instrumentos para acompanhar a implementação e os resultados das práticas de convivência escolar.
o	Criação de indicadores: Definição e utilização de indicadores qualitativos e quantitativos para avaliar a eficácia das ações de convivência e orientar ajustes
"
40;Dimensão pessoal-relacional;Convivência no ambiente escolar;Liderança – Nível Consolidar;3;22-36 (Consolidar: 22-29);Parabéns! Você já se sente preparado(a) para assumir um papel mais estratégico, estruturando e sistematizando diagnósticos e ações, envolvendo a comunidade em processos mais integrados e estratégicos e promovendo o seu monitoramento.;Para consolidar este nível, será essencial fortalecer seu preparo para planejar ações estruturadas e integradas ao PPP e ao planejamento pedagógico, de modo a abordar os problemas de convivência identificados no diagnóstico. Isso inclui ampliar sua capacidade de implementar ações educativas, como projetos voltados ao fortalecimento de habilidades socioemocionais. Também será importante aprimorar sua habilidade de liderar o desenvolvimento coletivo de normas de convivência, assegurando a participação ativa de estudantes, professores e famílias, além de promover formações regulares para a equipe escolar, como oficinas sobre práticas inclusivas e justiça restaurativa. Por fim, será relevante aprofundar seu preparo para monitorar sistematicamente os resultados das práticas de convivência e ajustar estratégias com base nos dados coletados. Veja a seguir algumas indicações de objetos educacionais e recursos de aprendizagem que podem apoiá-lo nessa tarefa.  ;"Planejamento de Ações para a Convivência Escolar
o	Estratégias para planejar ações estruturadas e integradas ao PPP e ao planejamento pedagógico, com definição de metas, cronogramas e indicadores.

Gestão de Conflitos e Justiça Restaurativa
o	Conceitos e metodologias de mediação de conflitos e justiça restaurativa.
o	Aplicação de práticas de justiça restaurativa no contexto escolar (círculos restaurativos, mediação)

Promoção de Ações Educativas para a Convivência
o	Educação socioemocional: Fundamentos e estratégias para o desenvolvimento de competências socioemocionais, como empatia, autorregulação e trabalho em equipe.
o	Articulação com o currículo e o PPP: Planejamento e implementação de ações educativas integradas ao planejamento pedagógico e alinhadas às políticas educacionais.

Formação Continuada para a Equipe Escolar
o	Práticas éticas, inclusivas e alinhadas ao PPP: Capacitação da equipe para adotar metodologias pedagógicas que promovam a inclusão, o desenvolvimento integral e o bem-estar dos estudantes.
o	Planejamento e condução de formações: Métodos para organizar formações regulares, como oficinas e debates, alinhadas às necessidades da equipe e às metas pedagógicas da escola.

Engajamento e Corresponsabilidade da Comunidade Escolar
o	Participação e corresponsabilidade: Estratégias para engajar estudantes, famílias e educadores na construção de um ambiente escolar acolhedor e seguro.

Monitoramento e Avaliação de Práticas de Convivência Escolar
o	Métodos e ferramentas de monitoramento e avaliação: Estratégias e instrumentos para acompanhar a implementação e os resultados das práticas de convivência escolar.
o	Criação de indicadores: Definição e utilização de indicadores qualitativos e quantitativos para avaliar a eficácia das ações de convivência e orientar ajustes
"
41;Dimensão pessoal-relacional;Convivência no ambiente escolar;Liderança – Nível Avançar;3;30-36;Parabéns! Você já se sente preparado(a) para liderar práticas de convivência escolar de forma estratégica e estruturada. Isso inclui realizar diagnósticos contínuos, planejar ações integradas ao PPP e ao planejamento pedagógico, promover formações regulares para a equipe escolar e implementar ações educativas, como projetos voltados ao fortalecimento de habilidades socioemocionais. Além disso, você já se percebe capacitado(a) para monitorar os resultados das práticas de convivência e ajusta estratégias com base nos dados coletados.;Para avançar, será essencial consolidar essas práticas como parte da cultura institucional da escola. Isso envolve fortalecer seu preparo para institucionalizar normas de convivência e estratégias de resolução de conflitos, formalizando-as em documentos oficiais e registrando as aprendizagens. Também será importante assegurar que as práticas, os espaços e os materiais escolares reflitam e valorizem a diversidade de gênero, raça e outras identidades, promovendo representatividade e inclusão. Por fim, será necessário ampliar sua capacidade de promover a distribuição de liderança na gestão da convivência escolar, envolvendo diferentes membros da comunidade escolar para garantir corresponsabilidade e sustentabilidade das ações. Veja a seguir algumas indicações de objetos educacionais e recursos de aprendizagem que podem apoiá-lo nessa tarefa.  ;"o	Garantia de práticas, espaços e materiais inclusivos e representativos: Ações para assegurar que práticas pedagógicas, espaços e materiais escolares reflitam e valorizem a diversidade de gênero, raça e outras identidades, garantindo representatividade e sendo livres de estereótipos.

Engajamento e Corresponsabilidade da Comunidade Escolar
o	Institucionalização: Métodos para formalizar normas e estratégias em documentos oficiais e registrar aprendizagens para promover uma cultura de convivência democrática.
o	Distribuição de liderança: Técnicas para delegar responsabilidades e envolver diferentes membros da equipe e da comunidade escolar na liderança das práticas de convivência, garantindo maior comprometimento e autonomia."
42;Dimensão pessoal-relacional;Convivência no ambiente escolar;Transformação Cultural  – Nível Consolidar;4;37-45;Fantástico! Você já se sente preparado(a) para consolidar práticas eficazes de convivência escolar como parte da cultura institucional garantindo a sustentabilidade das ações e a corresponsabilidade da comunidade.;Para consolidar este nível, será necessário aprimorar seu preparo para garantir a institucionalização de normas de convivência e estratégias de resolução de conflitos, formalizando-as em documentos oficiais e registrando as aprendizagens geradas. Também será importante fortalecer sua capacidade de assegurar que as práticas, os espaços e os materiais escolares reflitam e valorizem a diversidade de gênero, raça e outras identidades, promovendo representatividade e inclusão. Além disso, será essencial ampliar suas habilidades para promover a distribuição de liderança na gestão da convivência escolar, envolvendo diferentes membros da equipe e da comunidade escolar na aplicação das ações, garantindo corresponsabilidade e sustentabilidade. Veja a seguir algumas indicações de objetos educacionais e recursos de aprendizagem que podem apoiá-lo nessa tarefa.  ;"Promoção de Ações Educativas para a Convivência
o	Garantia de práticas, espaços e materiais inclusivos e representativos: Ações para assegurar que práticas pedagógicas, espaços e materiais escolares reflitam e valorizem a diversidade de gênero, raça e outras identidades, garantindo representatividade e sendo livres de estereótipos.

Engajamento e Corresponsabilidade da Comunidade Escolar
o	Institucionalização: Métodos para formalizar normas e estratégias em documentos oficiais e registrar aprendizagens para promover uma cultura de convivência democrática.
o	Distribuição de liderança: Técnicas para delegar responsabilidades e envolver diferentes membros da equipe e da comunidade escolar na liderança das práticas de convivência, garantindo maior comprometimento e autonomia."
